7299,86.14285714285714,0.0,0.0,0.0,7.0,2.0,12.0,3.0,78.0,100.0,40.0,0.0,1006.6,5.0,6.8,663.0,726.0,,7420.591836734693,0.0,0.0,0.0,49.0,4.0,144.0,9.0,6084.0,10000.0,1600.0,0.0,1013243.56,25.0,46.239999999999995,439569.0,527076.0,-0.0
7370,69.42857142857143,0.0,0.0,0.0,4.0,0.0,8.0,-1.0,73.0,93.0,27.0,0.7,1014.81,12.0,10.0,666.0,730.0,,4820.326530612245,0.0,0.0,0.0,16.0,0.0,64.0,-1.0,5329.0,8649.0,729.0,0.48999999999999994,1029839.3360999998,144.0,100.0,443556.0,532900.0,-0.0
7479,70.42857142857143,0.0,0.0,0.0,4.0,-2.0,10.0,-3.0,67.0,93.0,22.0,2.0,1021.16,12.0,8.3,670.0,733.0,,4960.183673469388,0.0,0.0,0.0,16.0,-4.0,100.0,-9.0,4489.0,8649.0,484.0,4.0,1042767.7455999999,144.0,68.89000000000001,448900.0,537289.0,-0.0
7549,51.42857142857143,0.0,0.0,0.0,0.0,-5.0,6.0,-4.0,69.0,100.0,30.0,0.0,1026.96,4.0,11.2,673.0,737.0,,2644.8979591836737,0.0,0.0,0.0,0.0,-25.0,36.0,-16.0,4761.0,10000.0,900.0,0.0,1054646.8416000002,16.0,125.43999999999998,452929.0,543169.0,-0.0
7599,83.85714285714286,0.0,0.0,0.0,0.0,-3.0,3.0,-2.0,84.0,93.0,63.0,0.8,1031.71,7.0,8.8,677.0,740.0,,7032.020408163266,0.0,0.0,0.0,0.0,-9.0,9.0,-4.0,7056.0,8649.0,3969.0,0.6400000000000001,1064425.5241,49.0,77.44000000000001,458329.0,547600.0,-0.0
7267,12.857142857142858,0.0,0.0,0.0,0.0,-6.0,7.0,-5.0,70.0,100.0,27.0,0.0,1035.2,2.0,10.0,681.0,744.0,,165.3061224489796,0.0,0.0,0.0,0.0,-36.0,49.0,-25.0,4900.0,10000.0,729.0,0.0,1071639.04,4.0,100.0,463761.0,553536.0,-0.0
6701,12.857142857142858,0.0,-100.0,0.0,2.0,-7.0,11.0,-6.0,57.0,100.0,17.0,0.0,1032.77,4.0,15.0,684.0,747.0,,165.3061224489796,0.0,-10000.0,0.0,4.0,-49.0,121.0,-36.0,3249.0,10000.0,289.0,0.0,1066613.8729,16.0,225.0,467856.0,558009.0,68400.0
7083,16.428571428571427,0.0,-100.0,0.0,4.0,-5.0,14.0,-4.0,57.0,100.0,16.0,0.0,1028.44,3.0,10.0,688.0,751.0,,269.89795918367344,0.0,-10000.0,0.0,16.0,-25.0,196.0,-16.0,3249.0,10000.0,256.0,0.0,1057688.8336,9.0,100.0,473344.0,564001.0,68800.0
7199,15.0,0.0,0.0,0.0,4.0,-5.0,13.0,-4.0,61.0,100.0,13.0,0.0,1025.48,4.0,7.9,691.0,754.0,,225.0,0.0,0.0,0.0,16.0,-25.0,169.0,-16.0,3721.0,10000.0,169.0,0.0,1051609.2304,16.0,62.410000000000004,477481.0,568516.0,-0.0
7239,64.0,0.0,0.0,0.0,4.0,-3.0,11.0,-3.0,57.0,100.0,21.0,0.0,1017.43,4.0,8.2,695.0,758.0,,4096.0,0.0,0.0,0.0,16.0,-9.0,121.0,-9.0,3249.0,10000.0,441.0,0.0,1035163.8048999999,16.0,67.24,483025.0,574564.0,-0.0
7746,100.0,0.0,0.0,0.0,4.0,3.0,5.0,3.0,92.0,100.0,75.0,11.0,1014.63,12.0,4.4,699.0,762.0,,10000.0,0.0,0.0,0.0,16.0,9.0,25.0,9.0,8464.0,10000.0,5625.0,121.0,1029474.0369,144.0,19.360000000000003,488601.0,580644.0,-0.0
7725,100.0,0.0,0.0,0.0,3.0,2.0,4.0,3.0,93.0,100.0,90.0,6.0,1017.53,9.0,8.8,702.0,765.0,,10000.0,0.0,0.0,0.0,9.0,4.0,16.0,9.0,8649.0,10000.0,8100.0,36.0,1035367.3008999999,81.0,77.44000000000001,492804.0,585225.0,-0.0
7468,100.0,0.0,0.0,0.0,2.0,0.0,4.0,2.0,92.0,100.0,77.0,1.0,1022.58,1.0,7.6,706.0,769.0,,10000.0,0.0,0.0,0.0,4.0,0.0,16.0,4.0,8464.0,10000.0,5929.0,1.0,1045669.8564,1.0,57.76,498436.0,591361.0,-0.0
6871,99.0,0.0,-100.0,0.0,5.0,1.0,9.0,4.0,85.0,100.0,68.0,0.0,1035.53,7.0,10.0,710.0,772.0,,9801.0,0.0,-10000.0,0.0,25.0,1.0,81.0,16.0,7225.0,10000.0,4624.0,0.0,1072322.3809,49.0,100.0,504100.0,595984.0,71000.0
7283,68.71428571428571,0.0,0.0,0.0,4.0,-1.0,10.0,-0.0,77.0,100.0,43.0,0.0,1039.72,6.0,7.9,713.0,776.0,,4721.653061224489,0.0,0.0,0.0,16.0,-1.0,100.0,-0.0,5929.0,10000.0,1849.0,0.0,1081017.6784,36.0,62.410000000000004,508369.0,602176.0,-0.0
7232,20.0,0.0,0.0,0.0,2.0,-4.0,9.0,-5.0,59.0,100.0,19.0,0.0,1037.66,6.0,10.0,717.0,780.0,,400.0,0.0,0.0,0.0,4.0,-16.0,81.0,-25.0,3481.0,10000.0,361.0,0.0,1076738.2756000003,36.0,100.0,514089.0,608400.0,-0.0
7429,45.857142857142854,0.0,0.0,0.0,0.0,-5.0,6.0,-5.0,59.0,93.0,29.0,0.0,1031.38,4.0,10.0,720.0,783.0,,2102.8775510204077,0.0,0.0,0.0,0.0,-25.0,36.0,-25.0,3481.0,8649.0,841.0,0.0,1063744.7044000002,16.0,100.0,518400.0,613089.0,-0.0
7645,99.0,0.0,0.0,0.0,2.0,0.0,5.0,0.0,84.0,93.0,61.0,1.0,1026.52,8.0,9.5,724.0,787.0,,9801.0,0.0,0.0,0.0,4.0,0.0,25.0,0.0,7056.0,8649.0,3721.0,1.0,1053743.3104,64.0,90.25,524176.0,619369.0,-0.0
6814,82.14285714285714,0.0,-100.0,0.0,5.0,0.0,10.0,-1.0,72.0,93.0,33.0,0.4,1018.86,11.0,10.0,735.0,798.0,,6747.448979591836,0.0,-10000.0,0.0,25.0,0.0,100.0,-1.0,5184.0,8649.0,1089.0,0.16000000000000003,1038075.6996,121.0,100.0,540225.0,636804.0,73500.0
7278,47.857142857142854,0.0,0.0,0.0,3.0,-1.0,7.0,-7.0,51.0,74.0,25.0,0.0,1021.66,12.0,11.0,739.0,802.0,,2290.3061224489793,0.0,0.0,0.0,9.0,-1.0,49.0,-49.0,2601.0,5476.0,625.0,0.0,1043789.1555999999,144.0,121.0,546121.0,643204.0,-0.0
7019,3.5714285714285716,0.0,0.0,0.0,5.0,-6.0,16.0,-4.0,52.0,93.0,9.0,0.0,1016.08,3.0,10.0,742.0,805.0,,12.755102040816327,0.0,0.0,0.0,25.0,-36.0,256.0,-16.0,2704.0,8649.0,81.0,0.0,1032418.5664000001,9.0,100.0,550564.0,648025.0,-0.0
6887,31.428571428571427,0.0,0.0,0.0,8.0,-2.0,19.0,1.0,59.0,93.0,18.0,0.0,1014.39,5.0,10.0,746.0,809.0,,987.7551020408163,0.0,0.0,0.0,64.0,-4.0,361.0,1.0,3481.0,8649.0,324.0,0.0,1028987.0721,25.0,100.0,556516.0,654481.0,-0.0
6271,98.0,0.0,-100.0,0.0,4.0,0.0,6.0,3.0,92.0,100.0,81.0,0.3,1007.18,11.0,8.1,760.0,824.0,,9604.0,0.0,-10000.0,0.0,16.0,0.0,36.0,9.0,8464.0,10000.0,6561.0,0.09,1014411.5523999999,121.0,65.61,577600.0,678976.0,76000.0
5926,88.85714285714286,0.0,0.0,1.0,6.0,-1.0,12.0,2.0,81.0,100.0,43.0,0.0,998.68,5.0,6.3,764.0,828.0,,7895.591836734695,0.0,0.0,1.0,36.0,-1.0,144.0,4.0,6561.0,10000.0,1849.0,0.0,997361.7423999999,25.0,39.69,583696.0,685584.0,-0.0
6438,58.333333333333336,0.0,-100.0,1.0,2.0,-4.0,8.0,-3.0,70.0,96.0,32.0,0.0,1015.41,6.0,11.3,785.0,850.0,,3402.777777777778,0.0,-10000.0,1.0,4.0,-16.0,64.0,-9.0,4900.0,9216.0,1024.0,0.0,1031057.4680999999,36.0,127.69000000000001,616225.0,722500.0,78500.0
6307,82.28571428571429,0.0,0.0,1.0,10.0,2.0,18.0,1.0,47.0,66.0,23.0,0.0,1014.71,18.0,10.0,821.0,887.0,,6770.938775510205,0.0,0.0,1.0,100.0,4.0,324.0,1.0,2209.0,4356.0,529.0,0.0,1029636.3841,324.0,100.0,674041.0,786769.0,-0.0
6064,65.71428571428571,0.0,0.0,1.0,16.0,7.0,25.0,3.0,39.0,82.0,12.0,0.0,1009.31,19.0,10.0,824.0,891.0,,4318.367346938775,0.0,0.0,1.0,256.0,49.0,625.0,9.0,1521.0,6724.0,144.0,0.0,1018706.6760999999,361.0,100.0,678976.0,793881.0,-0.0
6237,84.33333333333333,0.0,0.0,1.0,10.0,6.0,15.0,7.0,84.0,100.0,45.0,6.0,1010.1,5.0,8.4,827.0,894.0,,7112.11111111111,0.0,0.0,1.0,100.0,36.0,225.0,49.0,7056.0,10000.0,2025.0,36.0,1020302.01,25.0,70.56,683929.0,799236.0,-0.0
6432,55.833333333333336,0.0,0.0,1.0,6.0,0.0,11.0,-1.0,58.0,93.0,24.0,0.0,1021.19,7.0,10.0,845.0,913.0,,3117.3611111111113,0.0,0.0,1.0,36.0,0.0,121.0,-1.0,3364.0,8649.0,576.0,0.0,1042829.0161000001,49.0,100.0,714025.0,833569.0,-0.0
6223,50.0,0.0,0.0,1.0,13.0,4.0,22.0,4.0,49.0,93.0,18.0,0.0,1014.6,5.0,12.1,855.0,924.0,,2500.0,0.0,0.0,1.0,169.0,16.0,484.0,16.0,2401.0,8649.0,324.0,0.0,1029413.16,25.0,146.41,731025.0,853776.0,-0.0
5826,43.25,0.0,-100.0,1.0,14.0,5.0,24.0,5.0,49.0,93.0,20.0,0.0,1010.89,3.0,13.1,858.0,927.0,,1870.5625,0.0,-10000.0,1.0,196.0,25.0,576.0,25.0,2401.0,8649.0,400.0,0.0,1021898.5921,9.0,171.60999999999999,736164.0,859329.0,85800.0
6130,60.833333333333336,0.0,0.0,1.0,18.0,10.0,26.0,7.0,47.0,94.0,16.0,0.0,1008.88,6.0,10.0,861.0,931.0,,3700.694444444445,0.0,0.0,1.0,324.0,100.0,676.0,49.0,2209.0,8836.0,256.0,0.0,1017838.8544,36.0,100.0,741321.0,866761.0,-0.0
6177,67.57142857142857,0.0,0.0,1.0,16.0,6.0,25.0,9.0,67.0,100.0,19.0,1.0,1006.02,8.0,9.8,864.0,935.0,,4565.897959183673,0.0,0.0,1.0,256.0,36.0,625.0,81.0,4489.0,10000.0,361.0,1.0,1012076.2404,64.0,96.04000000000002,746496.0,874225.0,-0.0
6724,96.42857142857143,0.0,0.0,1.0,6.0,6.0,7.0,6.0,90.0,94.0,82.0,0.0,1014.36,17.0,9.9,868.0,938.0,,9298.469387755102,0.0,0.0,1.0,36.0,36.0,49.0,36.0,8100.0,8836.0,6724.0,0.0,1028926.2096000001,289.0,98.01,753424.0,879844.0,-0.0
6443,75.85714285714286,0.0,0.0,1.0,10.0,5.0,15.0,3.0,60.0,91.0,32.0,0.0,1018.56,5.0,11.7,871.0,942.0,,5754.30612244898,0.0,0.0,1.0,100.0,25.0,225.0,9.0,3600.0,8281.0,1024.0,0.0,1037464.4735999999,25.0,136.89,758641.0,887364.0,-0.0
6287,81.57142857142857,0.0,-100.0,1.0,14.0,7.0,20.0,5.0,56.0,100.0,20.0,0.0,1010.48,6.0,10.6,874.0,945.0,,6653.897959183673,0.0,-10000.0,1.0,196.0,49.0,400.0,25.0,3136.0,10000.0,400.0,0.0,1021069.8304000001,36.0,112.36,763876.0,893025.0,87400.0
6512,98.0,0.0,0.0,1.0,12.0,9.0,16.0,10.0,84.0,100.0,53.0,7.0,1007.34,7.0,9.5,877.0,949.0,,9604.0,0.0,0.0,1.0,144.0,81.0,256.0,100.0,7056.0,10000.0,2809.0,49.0,1014733.8756,49.0,90.25,769129.0,900601.0,-0.0
5934,65.71428571428571,0.0,-100.0,1.0,12.0,6.0,17.0,4.0,57.0,100.0,24.0,0.0,1013.88,5.0,10.0,880.0,952.0,,4318.367346938775,0.0,-10000.0,1.0,144.0,36.0,289.0,16.0,3249.0,10000.0,576.0,0.0,1027952.6544,25.0,100.0,774400.0,906304.0,88000.0
6197,70.71428571428571,0.0,-100.0,1.0,10.0,3.0,17.0,7.0,70.0,100.0,48.0,0.5,1014.8,4.0,10.0,883.0,956.0,,5000.510204081632,0.0,-10000.0,1.0,100.0,9.0,289.0,49.0,4900.0,10000.0,2304.0,0.25,1029819.0399999999,16.0,100.0,779689.0,913936.0,88300.0
5846,77.57142857142857,0.0,0.0,1.0,16.0,9.0,24.0,12.0,66.0,100.0,40.0,0.0,1014.4,3.0,11.0,887.0,959.0,,6017.326530612245,0.0,0.0,1.0,256.0,81.0,576.0,144.0,4356.0,10000.0,1600.0,0.0,1029007.36,9.0,121.0,786769.0,919681.0,-0.0
6124,87.28571428571429,-80.0,0.0,1.0,20.0,13.0,26.0,15.0,70.0,88.0,43.0,0.0,1010.49,8.0,10.7,890.0,962.0,,7618.795918367348,-6400.0,0.0,1.0,400.0,169.0,676.0,225.0,4900.0,7744.0,1849.0,0.0,1021090.0401,64.0,114.48999999999998,792100.0,925444.0,-0.0
6410,80.71428571428571,0.0,0.0,1.0,14.0,11.0,18.0,11.0,84.0,100.0,44.0,2.0,1013.31,15.0,8.7,893.0,966.0,,6514.795918367346,0.0,0.0,1.0,196.0,121.0,324.0,121.0,7056.0,10000.0,1936.0,4.0,1026797.1560999999,225.0,75.68999999999998,797449.0,933156.0,-0.0
6252,56.42857142857143,0.0,0.0,1.0,14.0,8.0,19.0,7.0,59.0,88.0,28.0,0.0,1018.2,12.0,10.0,896.0,969.0,,3184.183673469388,0.0,0.0,1.0,196.0,64.0,361.0,49.0,3481.0,7744.0,784.0,0.0,1036731.2400000001,144.0,100.0,802816.0,938961.0,-0.0
6175,44.285714285714285,0.0,0.0,1.0,12.0,3.0,20.0,5.0,56.0,100.0,23.0,0.0,1018.07,4.0,10.0,899.0,972.0,,1961.2244897959183,0.0,0.0,1.0,144.0,9.0,400.0,25.0,3136.0,10000.0,529.0,0.0,1036466.5249000001,16.0,100.0,808201.0,944784.0,-0.0
5731,81.0,0.0,-100.0,1.0,14.0,8.0,21.0,7.0,58.0,93.0,23.0,0.0,1017.65,5.0,10.0,901.0,976.0,,6561.0,0.0,-10000.0,1.0,196.0,64.0,441.0,49.0,3364.0,8649.0,529.0,0.0,1035611.5225,25.0,100.0,811801.0,952576.0,90100.0
6405,99.0,0.0,-100.0,1.0,10.0,9.0,12.0,9.0,89.0,94.0,80.0,0.0,1025.14,13.0,10.0,904.0,979.0,,9801.0,0.0,-10000.0,1.0,100.0,81.0,144.0,81.0,7921.0,8836.0,6400.0,0.0,1050912.0196000002,169.0,100.0,817216.0,958441.0,90400.0
6284,41.42857142857143,0.0,0.0,1.0,12.0,4.0,21.0,8.0,67.0,100.0,32.0,0.0,1024.79,3.0,8.4,907.0,982.0,,1716.326530612245,0.0,0.0,1.0,144.0,16.0,441.0,64.0,4489.0,10000.0,1024.0,0.0,1050194.5440999998,9.0,70.56,822649.0,964324.0,-0.0
6196,75.57142857142857,0.0,0.0,1.0,14.0,6.0,21.0,9.0,68.0,93.0,33.0,0.0,1016.09,7.0,10.0,910.0,985.0,,5711.04081632653,0.0,0.0,1.0,196.0,36.0,441.0,81.0,4624.0,8649.0,1089.0,0.0,1032438.8881000001,49.0,100.0,828100.0,970225.0,-0.0
6425,93.42857142857143,0.0,0.0,1.0,13.0,10.0,15.0,11.0,92.0,100.0,82.0,9.0,1007.0,4.0,8.4,913.0,988.0,,8728.897959183674,0.0,0.0,1.0,169.0,100.0,225.0,121.0,8464.0,10000.0,6724.0,81.0,1014049.0,16.0,70.56,833569.0,976144.0,-0.0
6255,58.0,0.0,0.0,1.0,12.0,6.0,17.0,5.0,58.0,88.0,27.0,0.0,1012.61,12.0,10.0,915.0,991.0,,3364.0,0.0,0.0,1.0,144.0,36.0,289.0,25.0,3364.0,7744.0,729.0,0.0,1025379.0121,144.0,100.0,837225.0,982081.0,-0.0
6106,54.0,0.0,0.0,1.0,12.0,5.0,19.0,5.0,54.0,93.0,28.0,0.0,1018.05,7.0,10.0,918.0,995.0,,2916.0,0.0,0.0,1.0,144.0,25.0,361.0,25.0,2916.0,8649.0,784.0,0.0,1036425.8024999999,49.0,100.0,842724.0,990025.0,-0.0
5734,84.14285714285714,0.0,-100.0,1.0,14.0,9.0,18.0,7.0,60.0,82.0,41.0,0.0,1017.73,11.0,10.0,921.0,997.0,,7080.020408163265,0.0,-10000.0,1.0,196.0,81.0,324.0,49.0,3600.0,6724.0,1681.0,0.0,1035774.3529,121.0,100.0,848241.0,994009.0,92100.0
6157,43.57142857142857,0.0,0.0,1.0,12.0,5.0,19.0,3.0,47.0,87.0,18.0,0.0,1017.32,5.0,13.3,923.0,1000.0,,1898.469387755102,0.0,0.0,1.0,144.0,25.0,361.0,9.0,2209.0,7569.0,324.0,0.0,1034939.9824000001,25.0,176.89000000000001,851929.0,1000000.0,-0.0
6130,24.285714285714285,0.0,0.0,1.0,14.0,3.0,25.0,8.0,55.0,100.0,25.0,0.0,1011.41,4.0,12.0,926.0,1003.0,,589.7959183673469,0.0,0.0,1.0,196.0,9.0,625.0,64.0,3025.0,10000.0,625.0,0.0,1022950.1880999999,16.0,144.0,857476.0,1006009.0,-0.0
6192,60.0,0.0,0.0,1.0,18.0,8.0,28.0,12.0,58.0,93.0,27.0,0.0,1010.94,8.0,11.0,928.0,1006.0,,3600.0,0.0,0.0,1.0,324.0,64.0,784.0,144.0,3364.0,8649.0,729.0,0.0,1021999.6836000001,64.0,121.0,861184.0,1012036.0,-0.0
5846,75.5,-80.0,0.0,1.0,16.0,9.0,24.0,15.0,77.0,100.0,54.0,0.8,1015.38,5.0,10.4,931.0,1009.0,,5700.25,-6400.0,0.0,1.0,256.0,81.0,576.0,225.0,5929.0,10000.0,2916.0,0.6400000000000001,1030996.5444,25.0,108.16000000000001,866761.0,1018081.0,-0.0
6235,99.0,0.0,0.0,1.0,14.0,12.0,15.0,13.0,94.0,100.0,85.0,2.0,1019.49,9.0,9.8,933.0,1012.0,,9801.0,0.0,0.0,1.0,196.0,144.0,225.0,169.0,8836.0,10000.0,7225.0,4.0,1039359.8601,81.0,96.04000000000002,870489.0,1024144.0,-0.0
6161,98.0,0.0,0.0,1.0,16.0,11.0,20.0,13.0,89.0,100.0,67.0,2.0,1015.36,4.0,8.2,935.0,1014.0,,9604.0,0.0,0.0,1.0,256.0,121.0,400.0,169.0,7921.0,10000.0,4489.0,4.0,1030955.9296,16.0,67.24,874225.0,1028196.0,-0.0
5829,100.0,0.0,-100.0,1.0,14.0,13.0,16.0,13.0,89.0,97.0,78.0,0.0,1015.35,7.0,9.1,938.0,1017.0,,10000.0,0.0,-10000.0,1.0,196.0,169.0,256.0,169.0,7921.0,9409.0,6084.0,0.0,1030935.6225,49.0,82.80999999999999,879844.0,1034289.0,93800.0
6250,97.66666666666667,0.0,0.0,1.0,18.0,13.0,23.0,15.0,84.0,100.0,59.0,0.0,1011.13,5.0,10.2,940.0,1019.0,,9538.77777777778,0.0,0.0,1.0,324.0,169.0,529.0,225.0,7056.0,10000.0,3481.0,0.0,1022383.8769,25.0,104.03999999999999,883600.0,1038361.0,-0.0
6299,90.0,0.0,0.0,1.0,17.0,12.0,22.0,14.0,87.0,100.0,64.0,18.0,1005.98,8.0,7.2,942.0,1022.0,,8100.0,0.0,0.0,1.0,289.0,144.0,484.0,196.0,7569.0,10000.0,4096.0,324.0,1011995.7604,64.0,51.84,887364.0,1044484.0,-0.0
6758,88.28571428571429,0.0,0.0,1.0,10.0,8.0,12.0,8.0,91.0,100.0,81.0,2.0,1007.87,14.0,9.7,944.0,1024.0,,7794.367346938777,0.0,0.0,1.0,100.0,64.0,144.0,64.0,8281.0,10000.0,6561.0,4.0,1015801.9369,196.0,94.08999999999999,891136.0,1048576.0,-0.0
6676,88.83333333333333,0.0,0.0,1.0,10.0,7.0,14.0,6.0,72.0,94.0,49.0,0.0,1014.27,14.0,10.5,946.0,1027.0,,7891.36111111111,0.0,0.0,1.0,100.0,49.0,196.0,36.0,5184.0,8836.0,2401.0,0.0,1028743.6329,196.0,110.25,894916.0,1054729.0,-0.0
6417,30.714285714285715,0.0,0.0,1.0,11.0,4.0,18.0,6.0,59.0,93.0,37.0,0.0,1014.39,8.0,11.3,948.0,1029.0,,943.3673469387755,0.0,0.0,1.0,121.0,16.0,324.0,36.0,3481.0,8649.0,1369.0,0.0,1028987.0721,64.0,127.69000000000001,898704.0,1058841.0,-0.0
6247,32.5,0.0,0.0,1.0,14.0,4.0,23.0,9.0,60.0,100.0,26.0,0.0,1014.09,3.0,14.5,950.0,1031.0,,1056.25,0.0,0.0,1.0,196.0,16.0,529.0,81.0,3600.0,10000.0,676.0,0.0,1028378.5281000001,9.0,210.25,902500.0,1062961.0,-0.0
5511,50.0,0.0,-100.0,1.0,16.0,9.0,23.0,13.0,74.0,94.0,45.0,7.0,1017.85,6.0,10.0,951.0,1033.0,,2500.0,0.0,-10000.0,1.0,256.0,81.0,529.0,169.0,5476.0,8836.0,2025.0,49.0,1036018.6225,36.0,100.0,904401.0,1067089.0,95100.0
5674,55.833333333333336,0.0,0.0,1.0,17.0,9.0,25.0,13.0,64.0,100.0,36.0,0.0,1018.79,3.0,10.0,953.0,1035.0,,3117.3611111111113,0.0,0.0,1.0,289.0,81.0,625.0,169.0,4096.0,10000.0,1296.0,0.0,1037933.0641,9.0,100.0,908209.0,1071225.0,-0.0
6143,50.0,0.0,0.0,1.0,18.0,10.0,27.0,14.0,70.0,95.0,37.0,3.0,1019.35,3.0,9.8,955.0,1037.0,,2500.0,0.0,0.0,1.0,324.0,100.0,729.0,196.0,4900.0,9025.0,1369.0,9.0,1039074.4225000001,9.0,96.04000000000002,912025.0,1075369.0,-0.0
6222,20.0,0.0,0.0,1.0,19.0,10.0,28.0,15.0,65.0,100.0,34.0,0.0,1020.23,2.0,10.9,956.0,1039.0,,400.0,0.0,0.0,1.0,361.0,100.0,784.0,225.0,4225.0,10000.0,1156.0,0.0,1040869.2529000001,4.0,118.81,913936.0,1079521.0,-0.0
6288,68.0,0.0,0.0,1.0,18.0,13.0,23.0,14.0,74.0,100.0,42.0,8.0,1022.98,8.0,9.4,958.0,1041.0,,4624.0,0.0,0.0,1.0,324.0,169.0,529.0,196.0,5476.0,10000.0,1764.0,64.0,1046488.0804000001,64.0,88.36000000000001,917764.0,1083681.0,-0.0
6240,19.285714285714285,0.0,0.0,1.0,14.0,7.0,22.0,8.0,53.0,94.0,23.0,0.0,1026.58,4.0,10.0,959.0,1043.0,,371.93877551020404,0.0,0.0,1.0,196.0,49.0,484.0,64.0,2809.0,8836.0,529.0,0.0,1053866.4963999998,16.0,100.0,919681.0,1087849.0,-0.0
6104,12.857142857142858,0.0,0.0,1.0,16.0,6.0,25.0,9.0,55.0,100.0,25.0,0.0,1026.07,8.0,10.0,961.0,1044.0,,165.3061224489796,0.0,0.0,1.0,256.0,36.0,625.0,81.0,3025.0,10000.0,625.0,0.0,1052819.6449,64.0,100.0,923521.0,1089936.0,-0.0
5745,31.428571428571427,0.0,-100.0,1.0,18.0,8.0,28.0,12.0,57.0,100.0,25.0,0.0,1024.74,4.0,15.7,962.0,1046.0,,987.7551020408163,0.0,-10000.0,1.0,324.0,64.0,784.0,144.0,3249.0,10000.0,625.0,0.0,1050092.0676,16.0,246.48999999999998,925444.0,1094116.0,96200.0
6172,35.714285714285715,0.0,0.0,1.0,18.0,9.0,28.0,11.0,60.0,100.0,25.0,0.0,1020.52,2.0,11.9,963.0,1047.0,,1275.5102040816328,0.0,0.0,1.0,324.0,81.0,784.0,121.0,3600.0,10000.0,625.0,0.0,1041461.0704,4.0,141.61,927369.0,1096209.0,-0.0
6192,64.42857142857143,0.0,0.0,1.0,16.0,7.0,24.0,11.0,64.0,100.0,32.0,0.0,1012.04,4.0,10.7,971.0,1056.0,,4151.040816326531,0.0,0.0,1.0,256.0,49.0,576.0,121.0,4096.0,10000.0,1024.0,0.0,1024224.9615999999,16.0,114.48999999999998,942841.0,1115136.0,-0.0
6449,95.0,0.0,0.0,1.0,14.0,13.0,15.0,12.0,88.0,94.0,75.0,1.0,1018.07,6.0,9.9,971.0,1056.0,,9025.0,0.0,0.0,1.0,196.0,169.0,225.0,144.0,7744.0,8836.0,5625.0,1.0,1036466.5249000001,36.0,98.01,942841.0,1115136.0,-0.0
6317,47.666666666666664,0.0,0.0,1.0,16.0,9.0,24.0,12.0,64.0,94.0,41.0,0.0,1014.05,9.0,11.3,969.0,1055.0,,2272.111111111111,0.0,0.0,1.0,256.0,81.0,576.0,144.0,4096.0,8836.0,1681.0,0.0,1028297.4024999999,81.0,127.69000000000001,938961.0,1113025.0,-0.0
5778,82.71428571428571,0.0,-100.0,1.0,19.0,15.0,23.0,11.0,64.0,94.0,35.0,0.0,1014.59,9.0,10.2,969.0,1054.0,,6841.653061224489,0.0,-10000.0,1.0,361.0,225.0,529.0,121.0,4096.0,8836.0,1225.0,0.0,1029392.8681000001,81.0,104.03999999999999,938961.0,1110916.0,96900.0
6138,65.0,0.0,-100.0,1.0,18.0,13.0,24.0,14.0,70.0,88.0,48.0,0.0,1018.12,9.0,10.0,968.0,1053.0,,4225.0,0.0,-10000.0,1.0,324.0,169.0,576.0,196.0,4900.0,7744.0,2304.0,0.0,1036568.3344,81.0,100.0,937024.0,1108809.0,96800.0
6067,96.5,0.0,0.0,1.0,19.0,15.0,23.0,15.0,76.0,100.0,54.0,0.0,1019.57,9.0,10.3,967.0,1052.0,,9312.25,0.0,0.0,1.0,361.0,225.0,529.0,225.0,5776.0,10000.0,2916.0,0.0,1039522.9849000002,81.0,106.09000000000002,935089.0,1106704.0,-0.0
5712,63.0,0.0,0.0,1.0,18.0,11.0,25.0,14.0,70.0,100.0,34.0,0.0,1021.5,5.0,8.6,967.0,1051.0,,3969.0,0.0,0.0,1.0,324.0,121.0,625.0,196.0,4900.0,10000.0,1156.0,0.0,1043462.25,25.0,73.96,935089.0,1104601.0,-0.0
5691,71.25,0.0,0.0,1.0,18.0,13.0,23.0,12.0,60.0,90.0,34.0,0.0,1024.66,9.0,10.5,966.0,1050.0,,5076.5625,0.0,0.0,1.0,324.0,169.0,529.0,144.0,3600.0,8100.0,1156.0,0.0,1049928.1156000001,81.0,110.25,933156.0,1102500.0,-0.0
5557,40.714285714285715,0.0,0.0,1.0,18.0,10.0,26.0,13.0,59.0,100.0,30.0,0.0,1028.05,6.0,11.7,965.0,1049.0,,1657.6530612244899,0.0,0.0,1.0,324.0,100.0,676.0,169.0,3481.0,10000.0,900.0,0.0,1056886.8025,36.0,136.89,931225.0,1100401.0,-0.0
5473,54.166666666666664,0.0,0.0,1.0,20.0,11.0,28.0,13.0,59.0,100.0,27.0,0.0,1024.93,1.0,15.7,964.0,1048.0,,2934.0277777777774,0.0,0.0,1.0,400.0,121.0,784.0,169.0,3481.0,10000.0,729.0,0.0,1050481.5049,1.0,246.48999999999998,929296.0,1098304.0,-0.0
5236,27.142857142857142,0.0,-100.0,1.0,20.0,11.0,29.0,14.0,56.0,100.0,23.0,0.0,1019.19,2.0,12.7,963.0,1046.0,,736.734693877551,0.0,-10000.0,1.0,400.0,121.0,841.0,196.0,3136.0,10000.0,529.0,0.0,1038748.2561000001,4.0,161.29,927369.0,1094116.0,96300.0
5918,14.285714285714286,0.0,0.0,1.0,22.0,12.0,32.0,15.0,55.0,94.0,20.0,0.0,1016.32,3.0,10.0,961.0,1045.0,,204.08163265306123,0.0,0.0,1.0,484.0,144.0,1024.0,225.0,3025.0,8836.0,400.0,0.0,1032906.3424000001,9.0,100.0,923521.0,1092025.0,-0.0
5658,70.71428571428571,-80.0,0.0,1.0,24.0,19.0,29.0,19.0,68.0,95.0,41.0,0.0,1016.8,6.0,11.0,960.0,1043.0,,5000.510204081632,-6400.0,0.0,1.0,576.0,361.0,841.0,361.0,4624.0,9025.0,1681.0,0.0,1033882.2399999999,36.0,121.0,921600.0,1087849.0,-0.0
6021,44.0,0.0,0.0,1.0,24.0,15.0,34.0,17.0,55.0,100.0,19.0,0.0,1008.86,7.0,8.0,959.0,1042.0,,1936.0,0.0,0.0,1.0,576.0,225.0,1156.0,289.0,3025.0,10000.0,361.0,0.0,1017798.4996,49.0,64.0,919681.0,1085764.0,-0.0
5956,85.2,0.0,0.0,1.0,18.0,16.0,19.0,16.0,88.0,100.0,69.0,4.0,1011.92,7.0,9.3,957.0,1040.0,,7259.040000000001,0.0,0.0,1.0,324.0,256.0,361.0,256.0,7744.0,10000.0,4761.0,16.0,1023982.0863999999,49.0,86.49000000000001,915849.0,1081600.0,-0.0
5883,74.0,0.0,0.0,1.0,16.0,12.0,20.0,8.0,59.0,94.0,29.0,0.0,1016.8,12.0,10.5,956.0,1038.0,,5476.0,0.0,0.0,1.0,256.0,144.0,400.0,64.0,3481.0,8836.0,841.0,0.0,1033882.2399999999,144.0,110.25,913936.0,1077444.0,-0.0
5726,56.57142857142857,0.0,0.0,1.0,13.0,6.0,20.0,7.0,58.0,87.0,36.0,0.0,1016.89,12.0,11.3,954.0,1036.0,,3200.326530612245,0.0,0.0,1.0,169.0,36.0,400.0,49.0,3364.0,7569.0,1296.0,0.0,1034065.2721,144.0,127.69000000000001,910116.0,1073296.0,-0.0
5241,27.142857142857142,0.0,-100.0,1.0,14.0,6.0,23.0,9.0,56.0,93.0,27.0,0.0,1015.07,8.0,17.5,952.0,1034.0,,736.734693877551,0.0,-10000.0,1.0,196.0,36.0,529.0,81.0,3136.0,8649.0,729.0,0.0,1030367.1049000002,64.0,306.25,906304.0,1069156.0,95200.0
5797,82.16666666666667,0.0,0.0,1.0,15.0,10.0,20.0,14.0,83.0,100.0,67.0,0.7,1012.5,3.0,10.1,951.0,1032.0,,6751.361111111112,0.0,0.0,1.0,225.0,100.0,400.0,196.0,6889.0,10000.0,4489.0,0.48999999999999994,1025156.25,9.0,102.00999999999999,904401.0,1065024.0,-0.0
5934,86.28571428571429,0.0,0.0,1.0,19.0,14.0,24.0,15.0,78.0,100.0,37.0,4.0,1013.46,10.0,9.7,949.0,1030.0,,7445.224489795919,0.0,0.0,1.0,361.0,196.0,576.0,225.0,6084.0,10000.0,1369.0,16.0,1027101.1716000001,100.0,94.08999999999999,900601.0,1060900.0,-0.0
5841,83.83333333333333,0.0,0.0,1.0,18.0,14.0,23.0,15.0,83.0,100.0,56.0,3.0,1015.04,7.0,10.2,947.0,1028.0,,7028.027777777777,0.0,0.0,1.0,324.0,196.0,529.0,225.0,6889.0,10000.0,3136.0,9.0,1030306.2015999999,49.0,104.03999999999999,896809.0,1056784.0,-0.0
5912,35.833333333333336,0.0,0.0,1.0,18.0,11.0,26.0,13.0,63.0,100.0,33.0,0.0,1019.48,6.0,10.0,945.0,1026.0,,1284.027777777778,0.0,0.0,1.0,324.0,121.0,676.0,169.0,3969.0,10000.0,1089.0,0.0,1039339.4704,36.0,100.0,893025.0,1052676.0,-0.0
5658,63.833333333333336,0.0,0.0,1.0,21.0,12.0,30.0,15.0,64.0,100.0,30.0,2.0,1017.59,6.0,11.1,943.0,1023.0,,4074.694444444445,0.0,0.0,1.0,441.0,144.0,900.0,225.0,4096.0,10000.0,900.0,4.0,1035489.4081000001,36.0,123.21,889249.0,1046529.0,-0.0
5620,37.0,0.0,0.0,1.0,24.0,15.0,32.0,16.0,61.0,100.0,23.0,0.0,1017.21,4.0,9.8,941.0,1021.0,,1369.0,0.0,0.0,1.0,576.0,225.0,1024.0,256.0,3721.0,10000.0,529.0,0.0,1034716.1841000001,16.0,96.04000000000002,885481.0,1042441.0,-0.0
5256,39.0,0.0,-100.0,1.0,24.0,15.0,33.0,16.0,55.0,94.0,21.0,0.0,1013.68,5.0,11.9,939.0,1018.0,,1521.0,0.0,-10000.0,1.0,576.0,225.0,1089.0,256.0,3025.0,8836.0,441.0,0.0,1027547.1423999999,25.0,141.61,881721.0,1036324.0,93900.0
5859,71.57142857142857,0.0,0.0,1.0,21.0,16.0,26.0,18.0,81.0,100.0,54.0,0.6,1011.63,7.0,9.1,937.0,1016.0,,5122.469387755102,0.0,0.0,1.0,441.0,256.0,676.0,324.0,6561.0,10000.0,2916.0,0.36,1023395.2569,49.0,82.80999999999999,877969.0,1032256.0,-0.0
6006,0.8571428571428571,0.0,0.0,1.0,20.0,11.0,28.0,11.0,52.0,94.0,21.0,0.0,1016.28,7.0,15.0,934.0,1013.0,,0.7346938775510203,0.0,0.0,1.0,400.0,121.0,784.0,121.0,2704.0,8836.0,441.0,0.0,1032825.0384,49.0,225.0,872356.0,1026169.0,-0.0
6075,33.6,0.0,0.0,1.0,22.0,13.0,31.0,18.0,69.0,100.0,34.0,0.0,1016.07,5.0,10.7,932.0,1011.0,,1128.96,0.0,0.0,1.0,484.0,169.0,961.0,324.0,4761.0,10000.0,1156.0,0.0,1032398.2449,25.0,114.48999999999998,868624.0,1022121.0,-0.0
6121,33.57142857142857,0.0,0.0,1.0,26.0,17.0,34.0,18.0,59.0,100.0,25.0,0.0,1012.75,6.0,10.6,930.0,1008.0,,1127.0408163265304,0.0,0.0,1.0,676.0,289.0,1156.0,324.0,3481.0,10000.0,625.0,0.0,1025662.5625,36.0,112.36,864900.0,1016064.0,-0.0
5882,76.85714285714286,0.0,0.0,1.0,22.0,17.0,26.0,20.0,79.0,94.0,65.0,0.0,1014.64,7.0,10.5,927.0,1005.0,,5907.0204081632655,0.0,0.0,1.0,484.0,289.0,676.0,400.0,6241.0,8836.0,4225.0,0.0,1029494.3295999999,49.0,110.25,859329.0,1010025.0,-0.0
5948,25.0,0.0,0.0,1.0,26.0,18.0,34.0,18.0,63.0,94.0,30.0,0.0,1010.19,6.0,10.0,925.0,1002.0,,625.0,0.0,0.0,1.0,676.0,324.0,1156.0,324.0,3969.0,8836.0,900.0,0.0,1020483.8361000001,36.0,100.0,855625.0,1004004.0,-0.0
5519,44.333333333333336,0.0,-100.0,1.0,20.0,16.0,25.0,16.0,75.0,91.0,47.0,0.8,1010.95,11.0,10.0,922.0,999.0,,1965.4444444444446,0.0,-10000.0,1.0,400.0,256.0,625.0,256.0,5625.0,8281.0,2209.0,0.6400000000000001,1022019.9025000001,121.0,100.0,850084.0,998001.0,92200.0
5900,76.57142857142857,0.0,0.0,1.0,20.0,14.0,25.0,13.0,62.0,94.0,34.0,0.0,1008.72,4.0,10.0,920.0,997.0,,5863.183673469387,0.0,0.0,1.0,400.0,196.0,625.0,169.0,3844.0,8836.0,1156.0,0.0,1017516.0384000001,16.0,100.0,846400.0,994009.0,-0.0
5793,73.71428571428571,0.0,0.0,1.0,20.0,15.0,25.0,13.0,61.0,100.0,28.0,0.0,1008.41,9.0,11.5,917.0,994.0,,5433.795918367346,0.0,0.0,1.0,400.0,225.0,625.0,169.0,3721.0,10000.0,784.0,0.0,1016890.7281,81.0,132.25,840889.0,988036.0,-0.0
5864,85.42857142857143,0.0,0.0,1.0,16.0,13.0,19.0,14.0,82.0,94.0,58.0,0.4,1010.54,3.0,10.8,915.0,991.0,,7298.040816326531,0.0,0.0,1.0,256.0,169.0,361.0,196.0,6724.0,8836.0,3364.0,0.16000000000000003,1021191.0915999999,9.0,116.64000000000001,837225.0,982081.0,-0.0
5909,78.14285714285714,0.0,0.0,1.0,15.0,11.0,19.0,14.0,86.0,100.0,67.0,0.0,1012.62,2.0,9.0,912.0,987.0,,6106.306122448979,0.0,0.0,1.0,225.0,121.0,361.0,196.0,7396.0,10000.0,4489.0,0.0,1025399.2644,4.0,81.0,831744.0,974169.0,-0.0
5891,75.57142857142857,0.0,0.0,1.0,16.0,9.0,22.0,12.0,71.0,100.0,34.0,0.0,1015.81,3.0,9.8,909.0,984.0,,5711.04081632653,0.0,0.0,1.0,256.0,81.0,484.0,144.0,5041.0,10000.0,1156.0,0.0,1031869.9560999998,9.0,96.04000000000002,826281.0,968256.0,-0.0
5725,24.285714285714285,0.0,0.0,1.0,16.0,7.0,25.0,9.0,56.0,100.0,22.0,0.0,1020.14,4.0,10.0,906.0,981.0,,589.7959183673469,0.0,0.0,1.0,256.0,49.0,625.0,81.0,3136.0,10000.0,484.0,0.0,1040685.6196,16.0,100.0,820836.0,962361.0,-0.0
5301,42.142857142857146,0.0,-100.0,1.0,19.0,9.0,29.0,12.0,56.0,100.0,22.0,0.0,1020.95,7.0,11.2,904.0,978.0,,1776.0204081632655,0.0,-10000.0,1.0,361.0,81.0,841.0,144.0,3136.0,10000.0,484.0,0.0,1042338.9025000001,49.0,125.43999999999998,817216.0,956484.0,90400.0
5796,55.714285714285715,0.0,0.0,1.0,21.0,12.0,30.0,13.0,53.0,94.0,20.0,0.0,1019.58,6.0,11.3,901.0,975.0,,3104.081632653061,0.0,0.0,1.0,441.0,144.0,900.0,169.0,2809.0,8836.0,400.0,0.0,1039543.3764000001,36.0,127.69000000000001,811801.0,950625.0,-0.0
5922,39.285714285714285,0.0,0.0,1.0,21.0,11.0,31.0,12.0,54.0,96.0,15.0,0.0,1017.83,5.0,11.1,898.0,972.0,,1543.3673469387754,0.0,0.0,1.0,441.0,121.0,961.0,144.0,2916.0,9216.0,225.0,0.0,1035977.9089,25.0,123.21,806404.0,944784.0,-0.0
5987,63.285714285714285,0.0,0.0,1.0,22.0,13.0,32.0,17.0,70.0,94.0,23.0,2.0,1017.29,4.0,11.1,895.0,968.0,,4005.081632653061,0.0,0.0,1.0,484.0,169.0,1024.0,289.0,4900.0,8836.0,529.0,4.0,1034878.9441,16.0,123.21,801025.0,937024.0,-0.0
6008,48.333333333333336,0.0,0.0,1.0,22.0,14.0,30.0,17.0,65.0,100.0,33.0,0.0,1018.45,3.0,9.6,892.0,965.0,,2336.1111111111113,0.0,0.0,1.0,484.0,196.0,900.0,289.0,4225.0,10000.0,1089.0,0.0,1037240.4025000001,9.0,92.16,795664.0,931225.0,-0.0
6031,26.666666666666668,0.0,0.0,1.0,24.0,14.0,33.0,15.0,57.0,100.0,20.0,0.0,1020.8,7.0,12.9,889.0,962.0,,711.1111111111112,0.0,0.0,1.0,576.0,196.0,1089.0,225.0,3249.0,10000.0,400.0,0.0,1042032.6399999999,49.0,166.41,790321.0,925444.0,-0.0
5904,0.0,0.0,0.0,1.0,22.0,11.0,33.0,11.0,47.0,94.0,12.0,0.0,1022.07,7.0,13.1,886.0,958.0,,0.0,0.0,0.0,1.0,484.0,121.0,1089.0,121.0,2209.0,8836.0,144.0,0.0,1044627.0849000001,49.0,171.60999999999999,784996.0,917764.0,-0.0
5421,0.0,0.0,-100.0,1.0,22.0,10.0,34.0,10.0,46.0,100.0,6.0,0.0,1018.95,3.0,10.0,883.0,955.0,,0.0,0.0,-10000.0,1.0,484.0,100.0,1156.0,100.0,2116.0,10000.0,36.0,0.0,1038259.1025,9.0,100.0,779689.0,912025.0,88300.0
5963,0.0,0.0,0.0,1.0,22.0,10.0,34.0,8.0,44.0,94.0,7.0,0.0,1015.95,1.0,13.7,880.0,951.0,,0.0,0.0,0.0,1.0,484.0,100.0,1156.0,64.0,1936.0,8836.0,49.0,0.0,1032154.4025000001,1.0,187.68999999999997,774400.0,904401.0,-0.0
5989,3.5714285714285716,0.0,0.0,1.0,22.0,10.0,35.0,10.0,43.0,94.0,10.0,0.0,1015.37,2.0,11.9,877.0,948.0,,12.755102040816327,0.0,0.0,1.0,484.0,100.0,1225.0,100.0,1849.0,8836.0,100.0,0.0,1030976.2369,4.0,141.61,769129.0,898704.0,-0.0
6026,20.833333333333332,0.0,0.0,1.0,24.0,14.0,34.0,13.0,48.0,94.0,15.0,0.0,1017.22,9.0,10.0,874.0,945.0,,434.0277777777777,0.0,0.0,1.0,576.0,196.0,1156.0,169.0,2304.0,8836.0,225.0,0.0,1034736.5284000001,81.0,100.0,763876.0,893025.0,-0.0
6059,40.0,0.0,0.0,1.0,24.0,14.0,33.0,12.0,46.0,100.0,16.0,0.0,1015.69,2.0,10.0,870.0,941.0,,1600.0,0.0,0.0,1.0,576.0,196.0,1089.0,144.0,2116.0,10000.0,256.0,0.0,1031626.1761000002,4.0,100.0,756900.0,885481.0,-0.0
5784,50.714285714285715,0.0,0.0,1.0,23.0,16.0,30.0,17.0,62.0,94.0,32.0,0.0,1015.16,4.0,10.0,867.0,938.0,,2571.9387755102043,0.0,0.0,1.0,529.0,256.0,900.0,289.0,3844.0,8836.0,1024.0,0.0,1030549.8256,16.0,100.0,751689.0,879844.0,-0.0
5824,28.571428571428573,0.0,0.0,1.0,24.0,14.0,33.0,15.0,61.0,100.0,22.0,0.0,1010.6,3.0,6.3,864.0,934.0,,816.3265306122449,0.0,0.0,1.0,576.0,196.0,1089.0,225.0,3721.0,10000.0,484.0,0.0,1021312.3600000001,9.0,39.69,746496.0,872356.0,-0.0
5538,50.2,0.0,-100.0,1.0,23.0,14.0,32.0,16.0,60.0,94.0,25.0,0.0,1009.52,4.0,11.0,861.0,931.0,,2520.0400000000004,0.0,-10000.0,1.0,529.0,196.0,1024.0,256.0,3600.0,8836.0,625.0,0.0,1019130.6303999999,16.0,121.0,741321.0,866761.0,86100.0
5936,70.16666666666667,0.0,0.0,1.0,21.0,15.0,27.0,15.0,65.0,94.0,28.0,0.8,1010.64,12.0,10.0,858.0,927.0,,4923.361111111112,0.0,0.0,1.0,441.0,225.0,729.0,225.0,4225.0,8836.0,784.0,0.6400000000000001,1021393.2096,144.0,100.0,736164.0,859329.0,-0.0
5736,87.57142857142857,0.0,0.0,1.0,18.0,15.0,20.0,13.0,75.0,94.0,55.0,0.7,1014.86,8.0,10.0,854.0,923.0,,7668.755102040816,0.0,0.0,1.0,324.0,225.0,400.0,169.0,5625.0,8836.0,3025.0,0.48999999999999994,1029940.8196,64.0,100.0,729316.0,851929.0,-0.0
5418,65.85714285714286,-80.0,0.0,1.0,16.0,9.0,22.0,9.0,58.0,95.0,25.0,0.0,1019.02,8.0,10.0,851.0,920.0,,4337.163265306123,-6400.0,0.0,1.0,256.0,81.0,484.0,81.0,3364.0,9025.0,625.0,0.0,1038401.7603999999,64.0,100.0,724201.0,846400.0,-0.0
5824,62.285714285714285,0.0,0.0,1.0,14.0,5.0,22.0,5.0,50.0,93.0,21.0,0.0,1023.63,7.0,11.0,848.0,916.0,,3879.5102040816323,0.0,0.0,1.0,196.0,25.0,484.0,25.0,2500.0,8649.0,441.0,0.0,1047818.3769,49.0,121.0,719104.0,839056.0,-0.0
5825,65.42857142857143,0.0,0.0,1.0,16.0,10.0,23.0,6.0,45.0,82.0,19.0,0.0,1024.73,5.0,11.8,844.0,913.0,,4280.897959183674,0.0,0.0,1.0,256.0,100.0,529.0,36.0,2025.0,6724.0,361.0,0.0,1050071.5729,25.0,139.24,712336.0,833569.0,-0.0
5707,46.857142857142854,0.0,0.0,1.0,14.0,5.0,24.0,7.0,54.0,100.0,22.0,0.0,1021.68,4.0,10.9,841.0,909.0,,2195.5918367346935,0.0,0.0,1.0,196.0,25.0,576.0,49.0,2916.0,10000.0,484.0,0.0,1043830.0223999999,16.0,118.81,707281.0,826281.0,-0.0
5306,50.0,0.0,-100.0,1.0,16.0,6.0,25.0,8.0,54.0,100.0,19.0,0.0,1018.05,3.0,12.5,838.0,905.0,,2500.0,0.0,-10000.0,1.0,256.0,36.0,625.0,64.0,2916.0,10000.0,361.0,0.0,1036425.8024999999,9.0,156.25,702244.0,819025.0,83800.0
5599,29.285714285714285,0.0,-100.0,1.0,18.0,8.0,29.0,8.0,51.0,100.0,16.0,0.0,1018.3,6.0,10.0,834.0,902.0,,857.6530612244898,0.0,-10000.0,1.0,324.0,64.0,841.0,64.0,2601.0,10000.0,256.0,0.0,1036934.8899999999,36.0,100.0,695556.0,813604.0,83400.0
5755,35.714285714285715,0.0,0.0,1.0,20.0,9.0,31.0,10.0,50.0,100.0,15.0,0.0,1017.59,4.0,15.9,831.0,898.0,,1275.5102040816328,0.0,0.0,1.0,400.0,81.0,961.0,100.0,2500.0,10000.0,225.0,0.0,1035489.4081000001,16.0,252.81,690561.0,806404.0,-0.0
5947,97.0,0.0,0.0,1.0,17.0,16.0,18.0,15.0,88.0,100.0,44.0,4.0,1021.49,7.0,9.3,828.0,895.0,,9409.0,0.0,0.0,1.0,289.0,256.0,324.0,225.0,7744.0,10000.0,1936.0,16.0,1043441.8201,49.0,86.49000000000001,685584.0,801025.0,-0.0
6058,78.0,0.0,0.0,1.0,22.0,15.0,30.0,16.0,71.0,100.0,31.0,0.0,1019.77,3.0,6.6,824.0,891.0,,6084.0,0.0,0.0,1.0,484.0,225.0,900.0,256.0,5041.0,10000.0,961.0,0.0,1039930.8528999999,9.0,43.559999999999995,678976.0,793881.0,-0.0
5686,42.857142857142854,-80.0,0.0,1.0,23.0,12.0,34.0,13.0,54.0,100.0,14.0,0.0,1018.41,5.0,9.3,821.0,887.0,,1836.7346938775509,-6400.0,0.0,1.0,529.0,144.0,1156.0,169.0,2916.0,10000.0,196.0,0.0,1037158.9280999999,25.0,86.49000000000001,674041.0,786769.0,-0.0
5900,35.714285714285715,0.0,0.0,1.0,22.0,14.0,31.0,16.0,60.0,94.0,30.0,0.0,1022.84,7.0,12.2,817.0,884.0,,1275.5102040816328,0.0,0.0,1.0,484.0,196.0,961.0,256.0,3600.0,8836.0,900.0,0.0,1046201.6656000001,49.0,148.83999999999997,667489.0,781456.0,-0.0
5557,53.0,0.0,-100.0,1.0,26.0,19.0,33.0,17.0,59.0,94.0,25.0,0.0,1022.95,5.0,10.0,814.0,880.0,,2809.0,0.0,-10000.0,1.0,676.0,361.0,1089.0,289.0,3481.0,8836.0,625.0,0.0,1046426.7025000001,25.0,100.0,662596.0,774400.0,81400.0
6115,7.142857142857143,0.0,0.0,1.0,26.0,16.0,36.0,14.0,51.0,100.0,15.0,0.0,1017.62,3.0,10.0,810.0,876.0,,51.02040816326531,0.0,0.0,1.0,676.0,256.0,1296.0,196.0,2601.0,10000.0,225.0,0.0,1035550.4644,9.0,100.0,656100.0,767376.0,-0.0
6084,12.142857142857142,0.0,0.0,1.0,24.0,13.0,36.0,12.0,46.0,94.0,11.0,0.0,1012.27,8.0,9.7,807.0,873.0,,147.44897959183672,0.0,0.0,1.0,576.0,169.0,1296.0,144.0,2116.0,8836.0,121.0,0.0,1024690.5529,64.0,94.08999999999999,651249.0,762129.0,-0.0
6067,35.714285714285715,0.0,0.0,1.0,26.0,17.0,34.0,13.0,44.0,78.0,15.0,0.0,1010.4,12.0,10.0,803.0,869.0,,1275.5102040816328,0.0,0.0,1.0,676.0,289.0,1156.0,169.0,1936.0,6084.0,225.0,0.0,1020908.1599999999,144.0,100.0,644809.0,755161.0,-0.0
5774,95.33333333333333,0.0,0.0,1.0,18.0,16.0,21.0,16.0,85.0,100.0,63.0,0.0,1014.67,7.0,8.0,800.0,865.0,,9088.444444444443,0.0,0.0,1.0,324.0,256.0,441.0,256.0,7225.0,10000.0,3969.0,0.0,1029555.2089,49.0,64.0,640000.0,748225.0,-0.0
5753,81.85714285714286,0.0,0.0,1.0,22.0,16.0,26.0,16.0,76.0,94.0,56.0,0.6,1012.8,8.0,9.9,796.0,862.0,,6700.591836734695,0.0,0.0,1.0,484.0,256.0,676.0,256.0,5776.0,8836.0,3136.0,0.36,1025763.8399999999,64.0,98.01,633616.0,743044.0,-0.0
5688,95.42857142857143,0.0,0.0,1.0,14.0,12.0,15.0,13.0,95.0,100.0,84.0,6.0,1013.68,5.0,7.2,793.0,858.0,,9106.61224489796,0.0,0.0,1.0,196.0,144.0,225.0,169.0,9025.0,10000.0,7056.0,36.0,1027547.1423999999,25.0,51.84,628849.0,736164.0,-0.0
5489,98.0,0.0,-100.0,1.0,14.0,11.0,17.0,12.0,91.0,100.0,63.0,2.0,1010.65,8.0,8.3,789.0,854.0,,9604.0,0.0,-10000.0,1.0,196.0,121.0,289.0,144.0,8281.0,10000.0,3969.0,4.0,1021413.4225,64.0,68.89000000000001,622521.0,729316.0,78900.0
5833,61.42857142857143,0.0,0.0,1.0,13.0,7.0,19.0,7.0,61.0,89.0,31.0,0.7,1015.53,16.0,10.3,786.0,851.0,,3773.469387755102,0.0,0.0,1.0,169.0,49.0,361.0,49.0,3721.0,7921.0,961.0,0.48999999999999994,1031301.1808999999,256.0,106.09000000000002,617796.0,724201.0,-0.0
5877,72.0,0.0,0.0,1.0,12.0,8.0,17.0,7.0,68.0,88.0,46.0,0.0,1018.49,12.0,10.9,782.0,847.0,,5184.0,0.0,0.0,1.0,144.0,64.0,289.0,49.0,4624.0,7744.0,2116.0,0.0,1037321.8801000001,144.0,118.81,611524.0,717409.0,-0.0
5912,73.28571428571429,0.0,0.0,1.0,12.0,5.0,18.0,8.0,77.0,100.0,40.0,0.7,1021.84,3.0,10.5,779.0,843.0,,5370.795918367347,0.0,0.0,1.0,144.0,25.0,324.0,64.0,5929.0,10000.0,1600.0,0.48999999999999994,1044156.9856,9.0,110.25,606841.0,710649.0,-0.0
5959,88.85714285714286,0.0,0.0,1.0,11.0,4.0,18.0,8.0,81.0,100.0,46.0,0.0,1024.53,6.0,6.0,775.0,840.0,,7895.591836734695,0.0,0.0,1.0,121.0,16.0,324.0,64.0,6561.0,10000.0,2116.0,0.0,1049661.7208999998,36.0,36.0,600625.0,705600.0,-0.0
5984,69.57142857142857,0.0,0.0,1.0,10.0,6.0,15.0,10.0,87.0,100.0,66.0,0.7,1025.8,7.0,9.9,772.0,836.0,,4840.183673469387,0.0,0.0,1.0,100.0,36.0,225.0,100.0,7569.0,10000.0,4356.0,0.48999999999999994,1052265.64,49.0,98.01,595984.0,698896.0,-0.0
5999,96.5,0.0,0.0,1.0,13.0,11.0,15.0,12.0,90.0,100.0,76.0,0.9,1023.95,6.0,9.9,768.0,832.0,,9312.25,0.0,0.0,1.0,169.0,121.0,225.0,144.0,8100.0,10000.0,5776.0,0.81,1048473.6025,36.0,98.01,589824.0,692224.0,-0.0
5520,91.85714285714286,0.0,-100.0,1.0,15.0,11.0,19.0,12.0,82.0,100.0,53.0,0.0,1023.22,3.0,9.5,765.0,829.0,,8437.734693877552,0.0,-10000.0,1.0,225.0,121.0,361.0,144.0,6724.0,10000.0,2809.0,0.0,1046979.1684000001,9.0,90.25,585225.0,687241.0,76500.0
5905,59.285714285714285,0.0,0.0,1.0,16.0,9.0,23.0,13.0,81.0,100.0,46.0,0.0,1019.11,10.0,8.0,761.0,825.0,,3514.795918367347,0.0,0.0,1.0,256.0,81.0,529.0,169.0,6561.0,10000.0,2116.0,0.0,1038585.1921,100.0,64.0,579121.0,680625.0,-0.0
5951,65.14285714285714,0.0,0.0,1.0,18.0,10.0,26.0,13.0,75.0,100.0,34.0,0.0,1016.54,5.0,8.7,758.0,821.0,,4243.591836734693,0.0,0.0,1.0,324.0,100.0,676.0,169.0,5625.0,10000.0,1156.0,0.0,1033353.5715999999,25.0,75.68999999999998,574564.0,674041.0,-0.0
5962,55.0,0.0,0.0,1.0,20.0,11.0,30.0,14.0,66.0,100.0,31.0,0.0,1013.91,6.0,11.4,754.0,818.0,,3025.0,0.0,0.0,1.0,400.0,121.0,900.0,196.0,4356.0,10000.0,961.0,0.0,1028013.4881,36.0,129.96,568516.0,669124.0,-0.0
5979,55.0,0.0,0.0,1.0,22.0,13.0,32.0,14.0,53.0,94.0,21.0,0.0,1010.73,9.0,20.6,751.0,814.0,,3025.0,0.0,0.0,1.0,484.0,169.0,1024.0,196.0,2809.0,8836.0,441.0,0.0,1021575.1329000001,81.0,424.36000000000007,564001.0,662596.0,-0.0
6074,27.142857142857142,0.0,0.0,1.0,23.0,14.0,32.0,16.0,60.0,100.0,26.0,0.0,1015.49,4.0,12.0,747.0,810.0,,736.734693877551,0.0,0.0,1.0,529.0,196.0,1024.0,256.0,3600.0,10000.0,676.0,0.0,1031219.9401,16.0,144.0,558009.0,656100.0,-0.0
5813,11.428571428571429,0.0,0.0,1.0,20.0,12.0,28.0,14.0,66.0,100.0,35.0,0.0,1017.55,6.0,8.8,743.0,807.0,,130.6122448979592,0.0,0.0,1.0,400.0,144.0,784.0,196.0,4356.0,10000.0,1225.0,0.0,1035408.0025,36.0,77.44000000000001,552049.0,651249.0,-0.0
5502,66.6,0.0,-100.0,1.0,16.0,13.0,18.0,16.0,96.0,100.0,87.0,6.0,1013.5,8.0,6.5,740.0,803.0,,4435.5599999999995,0.0,-10000.0,1.0,256.0,169.0,324.0,256.0,9216.0,10000.0,7569.0,36.0,1027182.25,64.0,42.25,547600.0,644809.0,74000.0
5572,97.66666666666667,-80.0,0.0,1.0,14.0,12.0,15.0,11.0,84.0,100.0,56.0,0.7,1015.72,9.0,9.9,736.0,799.0,,9538.77777777778,-6400.0,0.0,1.0,196.0,144.0,225.0,121.0,7056.0,10000.0,3136.0,0.48999999999999994,1031687.1184,81.0,98.01,541696.0,638401.0,-0.0
5818,66.14285714285714,0.0,0.0,1.0,15.0,10.0,20.0,11.0,74.0,100.0,50.0,0.0,1014.41,9.0,11.1,733.0,796.0,,4374.877551020408,0.0,0.0,1.0,225.0,100.0,400.0,121.0,5476.0,10000.0,2500.0,0.0,1029027.6481,81.0,123.21,537289.0,633616.0,-0.0
5935,39.285714285714285,0.0,0.0,1.0,16.0,7.0,26.0,11.0,67.0,100.0,31.0,0.0,1011.72,5.0,8.9,729.0,792.0,,1543.3673469387754,0.0,0.0,1.0,256.0,49.0,676.0,121.0,4489.0,10000.0,961.0,0.0,1023577.3584,25.0,79.21000000000001,531441.0,627264.0,-0.0
5976,55.0,0.0,0.0,1.0,18.0,10.0,27.0,14.0,73.0,100.0,40.0,0.0,1013.09,3.0,12.8,726.0,789.0,,3025.0,0.0,0.0,1.0,324.0,100.0,729.0,196.0,5329.0,10000.0,1600.0,0.0,1026351.3481000001,9.0,163.84000000000003,527076.0,622521.0,-0.0
6056,97.0,0.0,0.0,1.0,19.0,16.0,22.0,17.0,89.0,100.0,65.0,14.0,1012.56,5.0,7.6,722.0,785.0,,9409.0,0.0,0.0,1.0,361.0,256.0,484.0,289.0,7921.0,10000.0,4225.0,196.0,1025277.7535999999,25.0,57.76,521284.0,616225.0,-0.0
6048,100.0,0.0,0.0,1.0,14.0,13.0,15.0,14.0,96.0,100.0,85.0,4.0,1014.44,6.0,9.5,718.0,781.0,,10000.0,0.0,0.0,1.0,196.0,169.0,225.0,196.0,9216.0,10000.0,7225.0,16.0,1029088.5136000001,36.0,90.25,515524.0,609961.0,-0.0
5628,97.0,0.0,-100.0,1.0,12.0,11.0,14.0,10.0,85.0,94.0,73.0,0.0,1022.32,14.0,11.0,715.0,778.0,,9409.0,0.0,-10000.0,1.0,144.0,121.0,196.0,100.0,7225.0,8836.0,5329.0,0.0,1045138.1824,196.0,121.0,511225.0,605284.0,71500.0
6162,97.66666666666667,0.0,0.0,1.0,12.0,9.0,14.0,8.0,73.0,94.0,44.0,0.0,1028.71,8.0,10.1,711.0,774.0,,9538.77777777778,0.0,0.0,1.0,144.0,81.0,196.0,64.0,5329.0,8836.0,1936.0,0.0,1058244.2641,64.0,102.00999999999999,505521.0,599076.0,-0.0
6292,90.0,0.0,0.0,1.0,10.0,6.0,14.0,7.0,75.0,93.0,58.0,0.0,1030.32,7.0,11.3,708.0,771.0,,8100.0,0.0,0.0,1.0,100.0,36.0,196.0,49.0,5625.0,8649.0,3364.0,0.0,1061559.3024,49.0,127.69000000000001,501264.0,594441.0,-0.0
6263,91.16666666666667,0.0,0.0,1.0,10.0,8.0,13.0,5.0,68.0,87.0,44.0,0.0,1031.37,10.0,13.9,704.0,767.0,,8311.361111111111,0.0,0.0,1.0,100.0,64.0,169.0,25.0,4624.0,7569.0,1936.0,0.0,1063724.0768999998,100.0,193.21,495616.0,588289.0,-0.0
5934,57.57142857142857,0.0,0.0,1.0,9.0,3.0,15.0,5.0,74.0,100.0,34.0,0.0,1032.37,3.0,14.4,701.0,764.0,,3314.4693877551017,0.0,0.0,1.0,81.0,9.0,225.0,25.0,5476.0,10000.0,1156.0,0.0,1065787.8168999997,9.0,207.36,491401.0,583696.0,-0.0
6030,10.714285714285714,0.0,0.0,1.0,10.0,0.0,19.0,4.0,67.0,100.0,25.0,0.0,1028.88,2.0,14.3,697.0,760.0,,114.79591836734693,0.0,0.0,1.0,100.0,0.0,361.0,16.0,4489.0,10000.0,625.0,0.0,1058594.0544000003,4.0,204.49,485809.0,577600.0,-0.0
6051,35.714285714285715,0.0,0.0,1.0,11.0,0.0,22.0,6.0,66.0,100.0,24.0,0.0,1023.88,2.0,12.0,694.0,756.0,,1275.5102040816328,0.0,0.0,1.0,121.0,0.0,484.0,36.0,4356.0,10000.0,576.0,0.0,1048330.2544,4.0,144.0,481636.0,571536.0,-0.0
5671,20.0,0.0,-100.0,1.0,14.0,3.0,25.0,8.0,69.0,100.0,22.0,0.0,1019.8,3.0,9.4,690.0,753.0,,400.0,0.0,-10000.0,1.0,196.0,9.0,625.0,64.0,4761.0,10000.0,484.0,0.0,1039992.0399999999,9.0,88.36000000000001,476100.0,567009.0,69000.0
6148,75.14285714285714,0.0,0.0,1.0,14.0,8.0,21.0,11.0,80.0,100.0,47.0,0.0,1015.42,3.0,10.1,686.0,749.0,,5646.448979591836,0.0,0.0,1.0,196.0,64.0,441.0,121.0,6400.0,10000.0,2209.0,0.0,1031077.7764,9.0,102.00999999999999,470596.0,561001.0,-0.0
6219,80.57142857142857,0.0,0.0,1.0,15.0,12.0,18.0,13.0,87.0,100.0,64.0,0.0,1012.87,4.0,8.5,683.0,746.0,,6491.755102040816,0.0,0.0,1.0,225.0,144.0,324.0,169.0,7569.0,10000.0,4096.0,0.0,1025905.6369,16.0,72.25,466489.0,556516.0,-0.0
6458,81.14285714285714,0.0,0.0,1.0,8.0,4.0,11.0,4.0,68.0,95.0,37.0,0.0,1018.4,10.0,10.0,679.0,742.0,,6584.1632653061215,0.0,0.0,1.0,64.0,16.0,121.0,16.0,4624.0,9025.0,1369.0,0.0,1037138.5599999999,100.0,100.0,461041.0,550564.0,-0.0
6590,69.42857142857143,0.0,0.0,1.0,6.0,1.0,11.0,-1.0,59.0,81.0,35.0,0.0,1020.41,13.0,12.4,676.0,739.0,,4820.326530612245,0.0,0.0,1.0,36.0,1.0,121.0,-1.0,3481.0,6561.0,1225.0,0.0,1041236.5680999999,169.0,153.76000000000002,456976.0,546121.0,-0.0
6676,73.28571428571429,0.0,0.0,1.0,8.0,3.0,12.0,-2.0,47.0,75.0,26.0,0.0,1021.16,4.0,11.0,672.0,735.0,,5370.795918367347,0.0,0.0,1.0,64.0,9.0,144.0,-4.0,2209.0,5625.0,676.0,0.0,1042767.7455999999,16.0,121.0,451584.0,540225.0,-0.0
6840,78.0,0.0,0.0,1.0,4.0,0.0,7.0,-4.0,54.0,75.0,33.0,0.0,1023.81,8.0,10.6,669.0,732.0,,6084.0,0.0,0.0,1.0,16.0,0.0,49.0,-16.0,2916.0,5625.0,1089.0,0.0,1048186.9160999999,64.0,112.36,447561.0,535824.0,-0.0
6419,100.0,0.0,-100.0,1.0,2.0,0.0,5.0,-1.0,78.0,100.0,36.0,9.0,1020.17,14.0,5.9,665.0,729.0,,10000.0,0.0,-10000.0,1.0,4.0,0.0,25.0,-1.0,6084.0,10000.0,1296.0,81.0,1040746.8289,196.0,34.81,442225.0,531441.0,66500.0
7137,100.0,0.0,0.0,1.0,1.0,0.0,3.0,1.0,97.0,100.0,92.0,8.0,1022.09,16.0,6.0,662.0,725.0,,10000.0,0.0,0.0,1.0,1.0,0.0,9.0,1.0,9409.0,10000.0,8464.0,64.0,1044667.9681,256.0,36.0,438244.0,525625.0,-0.0
7590,100.0,0.0,0.0,1.0,3.0,1.0,5.0,2.0,89.0,94.0,77.0,0.0,1023.16,15.0,11.1,658.0,722.0,,10000.0,0.0,0.0,1.0,9.0,1.0,25.0,4.0,7921.0,8836.0,5929.0,0.0,1046856.3855999999,225.0,123.21,432964.0,521284.0,-0.0
6989,98.6,0.0,-100.0,1.0,6.0,3.0,9.0,3.0,80.0,94.0,56.0,0.0,1022.93,14.0,9.8,655.0,718.0,,9721.96,0.0,-10000.0,1.0,36.0,9.0,81.0,9.0,6400.0,8836.0,3136.0,0.0,1046385.7848999999,196.0,96.04000000000002,429025.0,515524.0,65500.0
7281,88.16666666666667,0.0,0.0,1.0,8.0,5.0,10.0,2.0,66.0,76.0,49.0,0.0,1023.79,19.0,10.5,651.0,715.0,,7773.361111111112,0.0,0.0,1.0,64.0,25.0,100.0,4.0,4356.0,5776.0,2401.0,0.0,1048145.9641,361.0,110.25,423801.0,511225.0,-0.0
7150,89.33333333333333,0.0,0.0,1.0,10.0,6.0,13.0,6.0,77.0,87.0,63.0,0.0,1022.39,19.0,11.4,648.0,711.0,,7980.444444444443,0.0,0.0,1.0,100.0,36.0,169.0,36.0,5929.0,7569.0,3969.0,0.0,1045281.3121,361.0,129.96,419904.0,505521.0,-0.0
6924,100.0,0.0,0.0,1.0,10.0,8.0,13.0,9.0,90.0,100.0,77.0,0.3,1019.41,9.0,10.7,644.0,708.0,,10000.0,0.0,0.0,1.0,100.0,64.0,169.0,81.0,8100.0,10000.0,5929.0,0.09,1039196.7481,81.0,114.48999999999998,414736.0,501264.0,-0.0
6328,100.0,0.0,-100.0,1.0,12.0,7.0,16.0,8.0,87.0,100.0,48.0,0.0,1018.14,2.0,5.9,641.0,705.0,,10000.0,0.0,-10000.0,1.0,144.0,49.0,256.0,64.0,7569.0,10000.0,2304.0,0.0,1036609.0595999999,4.0,34.81,410881.0,497025.0,64100.0
6864,90.8,0.0,0.0,1.0,10.0,7.0,13.0,8.0,81.0,100.0,59.0,0.0,1017.95,2.0,9.9,637.0,701.0,,8244.64,0.0,0.0,1.0,100.0,49.0,169.0,64.0,6561.0,10000.0,3481.0,0.0,1036222.2025000001,4.0,98.01,405769.0,491401.0,-0.0
7059,100.0,0.0,0.0,1.0,10.0,8.0,11.0,9.0,97.0,100.0,90.0,9.0,1011.2,7.0,5.5,634.0,698.0,,10000.0,0.0,0.0,1.0,100.0,64.0,121.0,81.0,9409.0,10000.0,8100.0,81.0,1022525.4400000001,49.0,30.25,401956.0,487204.0,-0.0
7300,100.0,0.0,0.0,1.0,9.0,7.0,11.0,5.0,78.0,94.0,56.0,0.0,1014.26,11.0,11.0,630.0,695.0,,10000.0,0.0,0.0,1.0,81.0,49.0,121.0,25.0,6084.0,8836.0,3136.0,0.0,1028723.3476,121.0,121.0,396900.0,483025.0,-0.0
7609,88.16666666666667,0.0,0.0,1.0,7.0,5.0,9.0,5.0,81.0,93.0,58.0,0.0,1015.05,5.0,11.4,627.0,691.0,,7773.361111111112,0.0,0.0,1.0,49.0,25.0,81.0,25.0,6561.0,8649.0,3364.0,0.0,1030326.5025,25.0,129.96,393129.0,477481.0,-0.0
7518,72.16666666666667,0.0,0.0,1.0,6.0,0.0,13.0,4.0,77.0,100.0,43.0,0.0,1017.3,10.0,11.3,624.0,688.0,,5208.027777777778,0.0,0.0,1.0,36.0,0.0,169.0,16.0,5929.0,10000.0,1849.0,0.0,1034899.2899999999,100.0,127.69000000000001,389376.0,473344.0,-0.0
7323,90.85714285714286,0.0,0.0,1.0,10.0,7.0,12.0,6.0,75.0,87.0,52.0,0.0,1021.74,17.0,11.7,620.0,685.0,,8255.020408163266,0.0,0.0,1.0,100.0,49.0,144.0,36.0,5625.0,7569.0,2704.0,0.0,1043952.6276,289.0,136.89,384400.0,469225.0,-0.0
6913,41.0,0.0,-100.0,1.0,8.0,-1.0,17.0,3.0,67.0,100.0,29.0,0.0,1020.67,4.0,15.0,617.0,682.0,,1681.0,0.0,-10000.0,1.0,64.0,-1.0,289.0,9.0,4489.0,10000.0,841.0,0.0,1041767.2488999999,16.0,225.0,380689.0,465124.0,61700.0
7513,88.28571428571429,0.0,0.0,0.0,8.0,3.0,12.0,4.0,69.0,93.0,35.0,0.0,1023.83,17.0,11.2,613.0,679.0,,7794.367346938777,0.0,0.0,0.0,64.0,9.0,144.0,16.0,4761.0,8649.0,1225.0,0.0,1048227.8689000001,289.0,125.43999999999998,375769.0,461041.0,-0.0
7548,31.428571428571427,0.0,0.0,0.0,5.0,-2.0,12.0,-0.0,74.0,100.0,32.0,0.0,1026.81,3.0,10.2,610.0,675.0,,987.7551020408163,0.0,0.0,0.0,25.0,-4.0,144.0,-0.0,5476.0,10000.0,1024.0,0.0,1054338.7761,9.0,104.03999999999999,372100.0,455625.0,-0.0
7648,10.714285714285714,0.0,0.0,0.0,4.0,-5.0,12.0,-1.0,70.0,93.0,35.0,0.0,1024.05,3.0,13.1,607.0,672.0,,114.79591836734693,0.0,0.0,0.0,16.0,-25.0,144.0,-1.0,4900.0,8649.0,1225.0,0.0,1048678.4024999999,9.0,171.60999999999999,368449.0,451584.0,-0.0
7835,51.142857142857146,0.0,0.0,0.0,4.0,-3.0,10.0,1.0,79.0,100.0,55.0,0.0,1023.24,7.0,8.9,603.0,669.0,,2615.591836734694,0.0,0.0,0.0,16.0,-9.0,100.0,1.0,6241.0,10000.0,3025.0,0.0,1047020.0976,49.0,79.21000000000001,363609.0,447561.0,-0.0
7931,84.14285714285714,0.0,0.0,0.0,4.0,-1.0,8.0,2.0,91.0,100.0,75.0,0.0,1030.22,4.0,4.7,600.0,666.0,,7080.020408163265,0.0,0.0,0.0,16.0,-1.0,64.0,4.0,8281.0,10000.0,5625.0,0.0,1061353.2484000002,16.0,22.090000000000003,360000.0,443556.0,-0.0
7790,67.85714285714286,0.0,0.0,0.0,5.0,-1.0,11.0,1.0,78.0,100.0,36.0,0.0,1040.21,8.0,3.5,597.0,663.0,,4604.591836734695,0.0,0.0,0.0,25.0,-1.0,121.0,1.0,6084.0,10000.0,1296.0,0.0,1082036.8441,64.0,12.25,356409.0,439569.0,-0.0
7016,20.714285714285715,0.0,-100.0,0.0,4.0,-6.0,15.0,-2.0,68.0,100.0,24.0,0.0,1038.38,1.0,12.7,594.0,660.0,,429.08163265306126,0.0,-10000.0,0.0,16.0,-36.0,225.0,-4.0,4624.0,10000.0,576.0,0.0,1078233.0244000002,1.0,161.29,352836.0,435600.0,59400.0
7485,52.142857142857146,0.0,0.0,0.0,6.0,-5.0,17.0,-2.0,61.0,93.0,17.0,0.0,1030.24,2.0,11.9,590.0,657.0,,2718.8775510204086,0.0,0.0,0.0,36.0,-25.0,289.0,-4.0,3721.0,8649.0,289.0,0.0,1061394.4576,4.0,141.61,348100.0,431649.0,-0.0
7667,18.571428571428573,0.0,0.0,0.0,7.0,-3.0,17.0,-4.0,54.0,86.0,13.0,0.0,1026.46,1.0,10.0,587.0,654.0,,344.89795918367355,0.0,0.0,0.0,49.0,-9.0,289.0,-16.0,2916.0,7396.0,169.0,0.0,1053620.1316,1.0,100.0,344569.0,427716.0,-0.0
7752,32.857142857142854,0.0,0.0,0.0,6.0,-5.0,16.0,-4.0,59.0,93.0,15.0,0.0,1021.16,2.0,10.2,584.0,651.0,,1079.5918367346937,0.0,0.0,0.0,36.0,-25.0,256.0,-16.0,3481.0,8649.0,225.0,0.0,1042767.7455999999,4.0,104.03999999999999,341056.0,423801.0,-0.0
7885,7.142857142857143,0.0,0.0,0.0,3.0,-5.0,11.0,-1.0,77.0,100.0,27.0,0.0,1022.42,2.0,2.9,581.0,648.0,,51.02040816326531,0.0,0.0,0.0,9.0,-25.0,121.0,-1.0,5929.0,10000.0,729.0,0.0,1045342.6563999999,4.0,8.41,337561.0,419904.0,-0.0
8132,100.0,0.0,0.0,0.0,1.0,0.0,1.0,1.0,96.0,100.0,86.0,0.0,1025.13,2.0,1.3,578.0,645.0,,10000.0,0.0,0.0,0.0,1.0,0.0,1.0,1.0,9216.0,10000.0,7396.0,0.0,1050891.5169000002,4.0,1.6900000000000002,334084.0,416025.0,-0.0
7762,97.0,0.0,0.0,0.0,4.0,0.0,7.0,1.0,85.0,94.0,61.0,0.0,1025.05,3.0,4.8,575.0,642.0,,9409.0,0.0,0.0,0.0,16.0,0.0,49.0,1.0,7225.0,8836.0,3721.0,0.0,1050727.5025,9.0,23.04,330625.0,412164.0,-0.0
7031,62.714285714285715,0.0,-100.0,0.0,10.0,4.0,17.0,6.0,66.0,87.0,40.0,0.0,1021.55,12.0,7.8,572.0,639.0,,3933.081632653061,0.0,-10000.0,0.0,100.0,16.0,289.0,36.0,4356.0,7569.0,1600.0,0.0,1043564.4024999999,144.0,60.839999999999996,327184.0,408321.0,57200.0
7732,65.6,0.0,0.0,0.0,9.0,7.0,11.0,4.0,69.0,94.0,44.0,0.5,1018.98,13.0,10.3,569.0,636.0,,4303.36,0.0,0.0,0.0,81.0,49.0,121.0,16.0,4761.0,8836.0,1936.0,0.25,1038320.2404,169.0,106.09000000000002,323761.0,404496.0,-0.0
7859,96.42857142857143,0.0,0.0,0.0,11.0,8.0,14.0,9.0,77.0,94.0,60.0,0.0,1012.67,22.0,10.6,566.0,634.0,,9298.469387755102,0.0,0.0,0.0,121.0,64.0,196.0,81.0,5929.0,8836.0,3600.0,0.0,1025500.5288999999,484.0,112.36,320356.0,401956.0,-0.0
7685,89.85714285714286,0.0,0.0,0.0,14.0,12.0,16.0,10.0,70.0,82.0,55.0,0.0,1015.92,27.0,10.0,563.0,631.0,,8074.30612244898,0.0,0.0,0.0,196.0,144.0,256.0,100.0,4900.0,6724.0,3025.0,0.0,1032093.4463999999,729.0,100.0,316969.0,398161.0,-0.0
7506,78.0,0.0,0.0,0.0,16.0,12.0,21.0,8.0,61.0,72.0,35.0,0.0,1021.09,15.0,10.7,560.0,628.0,,6084.0,0.0,0.0,0.0,256.0,144.0,441.0,64.0,3721.0,5184.0,1225.0,0.0,1042624.7881000001,225.0,114.48999999999998,313600.0,394384.0,-0.0
7432,67.14285714285714,0.0,0.0,0.0,10.0,1.0,15.0,3.0,62.0,87.0,30.0,0.0,1025.98,10.0,10.7,557.0,626.0,,4508.1632653061215,0.0,0.0,0.0,100.0,1.0,225.0,9.0,3844.0,7569.0,900.0,0.0,1052634.9604,100.0,114.48999999999998,310249.0,391876.0,-0.0
7604,71.33333333333333,0.0,0.0,0.0,6.0,0.0,11.0,2.0,74.0,100.0,39.0,1.0,1018.46,11.0,10.3,554.0,623.0,,5088.444444444443,0.0,0.0,0.0,36.0,0.0,121.0,4.0,5476.0,10000.0,1521.0,1.0,1037260.7716000001,121.0,106.09000000000002,306916.0,388129.0,-0.0
7257,86.14285714285714,0.0,-100.0,0.0,6.0,1.0,10.0,-0.0,62.0,93.0,31.0,1.0,1012.1,11.0,10.0,551.0,620.0,,7420.591836734693,0.0,-10000.0,0.0,36.0,1.0,100.0,-0.0,3844.0,8649.0,961.0,1.0,1024346.41,121.0,100.0,303601.0,384400.0,55100.0
7999,97.0,0.0,0.0,0.0,5.0,2.0,6.0,4.0,85.0,94.0,74.0,0.0,1013.09,15.0,9.8,548.0,618.0,,9409.0,0.0,0.0,0.0,25.0,4.0,36.0,16.0,7225.0,8836.0,5476.0,0.0,1026351.3481000001,225.0,96.04000000000002,300304.0,381924.0,-0.0
7952,91.28571428571429,0.0,0.0,0.0,4.0,0.0,8.0,4.0,91.0,100.0,79.0,2.0,1014.69,1.0,7.1,546.0,615.0,,8333.081632653062,0.0,0.0,0.0,16.0,0.0,64.0,16.0,8281.0,10000.0,6241.0,4.0,1029595.7961000002,1.0,50.41,298116.0,378225.0,-0.0
7948,95.0,0.0,0.0,0.0,9.0,4.0,14.0,7.0,84.0,100.0,59.0,1.0,1009.09,9.0,9.6,543.0,613.0,,9025.0,0.0,0.0,0.0,81.0,16.0,196.0,49.0,7056.0,10000.0,3481.0,1.0,1018262.6281000001,81.0,92.16,294849.0,375769.0,-0.0
7906,82.0,0.0,0.0,0.0,8.0,2.0,14.0,4.0,63.0,87.0,32.0,0.0,1012.9,9.0,10.7,541.0,611.0,,6724.0,0.0,0.0,0.0,64.0,4.0,196.0,16.0,3969.0,7569.0,1024.0,0.0,1025966.4099999999,81.0,114.48999999999998,292681.0,373321.0,-0.0
8199,97.0,0.0,0.0,0.0,9.0,6.0,12.0,6.0,84.0,100.0,60.0,7.0,1003.31,11.0,10.0,538.0,608.0,,9409.0,0.0,0.0,0.0,81.0,36.0,144.0,36.0,7056.0,10000.0,3600.0,49.0,1006630.9560999998,121.0,100.0,289444.0,369664.0,-0.0
7545,100.0,-80.0,0.0,0.0,3.0,0.0,5.0,3.0,96.0,100.0,91.0,7.0,993.26,8.0,9.2,535.0,606.0,,10000.0,-6400.0,0.0,0.0,9.0,0.0,25.0,9.0,9216.0,10000.0,8281.0,49.0,986565.4275999999,64.0,84.63999999999999,286225.0,367236.0,-0.0
7031,100.0,0.0,-100.0,0.0,1.0,0.0,2.0,1.0,95.0,100.0,87.0,0.7,999.0,2.0,10.8,533.0,604.0,,10000.0,0.0,-10000.0,0.0,1.0,0.0,4.0,1.0,9025.0,10000.0,7569.0,0.48999999999999994,998001.0,4.0,116.64000000000001,284089.0,364816.0,53300.0
7966,96.42857142857143,0.0,0.0,0.0,2.0,-1.0,3.0,1.0,96.0,100.0,86.0,1.0,1019.23,2.0,6.8,531.0,602.0,,9298.469387755102,0.0,0.0,0.0,4.0,-1.0,9.0,1.0,9216.0,10000.0,7396.0,1.0,1038829.7929,4.0,46.239999999999995,281961.0,362404.0,-0.0
8295,75.42857142857143,0.0,0.0,0.0,-1.0,-5.0,3.0,-3.0,84.0,100.0,57.0,0.0,1025.11,2.0,6.9,528.0,599.0,,5689.469387755103,0.0,0.0,0.0,-1.0,-25.0,9.0,-9.0,7056.0,10000.0,3249.0,0.0,1050850.5120999997,4.0,47.61000000000001,278784.0,358801.0,-0.0
8650,95.42857142857143,0.0,0.0,0.0,-0.0,-2.0,1.0,-2.0,90.0,100.0,81.0,0.0,1015.03,8.0,9.5,526.0,597.0,,9106.61224489796,0.0,0.0,0.0,-0.0,-4.0,1.0,-4.0,8100.0,10000.0,6561.0,0.0,1030285.9008999999,64.0,90.25,276676.0,356409.0,-0.0
8705,100.0,0.0,0.0,0.0,0.0,-1.0,1.0,-0.0,95.0,100.0,87.0,3.0,1011.22,18.0,6.4,524.0,595.0,,10000.0,0.0,0.0,0.0,0.0,-1.0,1.0,-0.0,9025.0,10000.0,7569.0,9.0,1022565.8884,324.0,40.96000000000001,274576.0,354025.0,-0.0
8676,100.0,0.0,0.0,0.0,-0.0,-1.0,0.0,-1.0,95.0,100.0,92.0,0.3,1019.14,12.0,7.1,522.0,593.0,,10000.0,0.0,0.0,0.0,-0.0,-1.0,0.0,-1.0,9025.0,10000.0,8464.0,0.09,1038646.3396,144.0,50.41,272484.0,351649.0,-0.0
8406,100.0,0.0,0.0,0.0,0.0,0.0,0.0,-0.0,98.0,100.0,90.0,4.0,1010.29,15.0,8.7,520.0,592.0,,10000.0,0.0,0.0,0.0,0.0,0.0,0.0,-0.0,9604.0,10000.0,8100.0,16.0,1020685.8840999999,225.0,75.68999999999998,270400.0,350464.0,-0.0
7651,79.0,0.0,-100.0,0.0,1.0,-2.0,4.0,-1.0,86.0,100.0,69.0,0.0,1013.56,12.0,10.0,518.0,590.0,,6241.0,0.0,-10000.0,0.0,1.0,-4.0,16.0,-1.0,7396.0,10000.0,4761.0,0.0,1027303.8735999999,144.0,100.0,268324.0,348100.0,51800.0
8333,72.57142857142857,0.0,0.0,0.0,3.0,-2.0,8.0,-0.0,75.0,100.0,46.0,0.8,1010.86,11.0,9.7,516.0,588.0,,5266.612244897959,0.0,0.0,0.0,9.0,-4.0,64.0,-0.0,5625.0,10000.0,2116.0,0.6400000000000001,1021837.9396,121.0,94.08999999999999,266256.0,345744.0,-0.0
8210,62.714285714285715,0.0,0.0,0.0,5.0,0.0,10.0,0.0,79.0,100.0,58.0,0.7,1009.45,15.0,9.9,514.0,586.0,,3933.081632653061,0.0,0.0,0.0,25.0,0.0,100.0,0.0,6241.0,10000.0,3364.0,0.48999999999999994,1018989.3025000001,225.0,98.01,264196.0,343396.0,-0.0
8350,81.14285714285714,0.0,0.0,0.0,2.0,0.0,5.0,-0.0,72.0,87.0,46.0,0.0,1022.81,19.0,10.1,512.0,585.0,,6584.1632653061215,0.0,0.0,0.0,4.0,0.0,25.0,-0.0,5184.0,7569.0,2116.0,0.0,1046140.2960999999,361.0,102.00999999999999,262144.0,342225.0,-0.0
8339,97.0,0.0,0.0,0.0,4.0,1.0,7.0,3.0,90.0,100.0,76.0,0.5,1029.57,5.0,9.2,510.0,583.0,,9409.0,0.0,0.0,0.0,16.0,1.0,49.0,9.0,8100.0,10000.0,5776.0,0.25,1060014.3849,25.0,84.63999999999999,260100.0,339889.0,-0.0
7743,75.57142857142857,0.0,0.0,0.0,4.0,-1.0,9.0,1.0,82.0,100.0,44.0,0.0,1030.81,4.0,12.0,509.0,582.0,,5711.04081632653,0.0,0.0,0.0,16.0,-1.0,81.0,1.0,6724.0,10000.0,1936.0,0.0,1062569.2560999999,16.0,144.0,259081.0,338724.0,-0.0
7956,50.714285714285715,0.0,0.0,0.0,5.0,-2.0,12.0,1.0,74.0,100.0,33.0,0.0,1031.64,4.0,10.3,507.0,580.0,,2571.9387755102043,0.0,0.0,0.0,25.0,-4.0,144.0,1.0,5476.0,10000.0,1089.0,0.0,1064281.0896000003,16.0,106.09000000000002,257049.0,336400.0,-0.0
7381,60.714285714285715,0.0,-100.0,0.0,3.0,-4.0,10.0,-1.0,82.0,96.0,48.0,0.0,1028.17,2.0,8.9,506.0,579.0,,3686.2244897959185,0.0,-10000.0,0.0,9.0,-16.0,100.0,-1.0,6724.0,9216.0,2304.0,0.0,1057133.5489,4.0,79.21000000000001,256036.0,335241.0,50600.0
8115,35.714285714285715,0.0,0.0,0.0,4.0,-3.0,11.0,0.0,65.0,93.0,32.0,0.0,1032.33,11.0,11.4,504.0,578.0,,1275.5102040816328,0.0,0.0,0.0,16.0,-9.0,121.0,0.0,4225.0,8649.0,1024.0,0.0,1065705.2288999998,121.0,129.96,254016.0,334084.0,-0.0
8189,81.14285714285714,0.0,0.0,0.0,3.0,-1.0,7.0,2.0,84.0,100.0,67.0,0.0,1037.12,5.0,6.4,503.0,577.0,,6584.1632653061215,0.0,0.0,0.0,9.0,-1.0,49.0,4.0,7056.0,10000.0,4489.0,0.0,1075617.8943999999,25.0,40.96000000000001,253009.0,332929.0,-0.0
8676,100.0,0.0,0.0,0.0,0.0,-1.0,2.0,1.0,92.0,100.0,82.0,0.0,1032.64,10.0,5.5,502.0,576.0,,10000.0,0.0,0.0,0.0,0.0,-1.0,4.0,1.0,8464.0,10000.0,6724.0,0.0,1066345.3696,100.0,30.25,252004.0,331776.0,-0.0
8520,100.0,0.0,0.0,0.0,2.0,0.0,5.0,3.0,91.0,100.0,82.0,0.0,1033.88,5.0,7.6,501.0,574.0,,10000.0,0.0,0.0,0.0,4.0,0.0,25.0,9.0,8281.0,10000.0,6724.0,0.0,1068907.8544000003,25.0,57.76,251001.0,329476.0,-0.0
8280,50.42857142857143,0.0,0.0,0.0,2.0,-3.0,7.0,1.0,88.0,100.0,54.0,0.0,1027.74,2.0,5.2,499.0,574.0,,2543.0408163265306,0.0,0.0,0.0,4.0,-9.0,49.0,1.0,7744.0,10000.0,2916.0,0.0,1056249.5076000001,4.0,27.040000000000003,249001.0,329476.0,-0.0
8338,51.57142857142857,0.0,0.0,0.0,1.0,-4.0,6.0,-1.0,83.0,100.0,46.0,0.0,1020.12,5.0,9.7,499.0,573.0,,2659.612244897959,0.0,0.0,0.0,1.0,-16.0,36.0,-1.0,6889.0,10000.0,2116.0,0.0,1040644.8144,25.0,94.08999999999999,249001.0,328329.0,-0.0
7813,78.14285714285714,0.0,-100.0,0.0,2.0,-3.0,8.0,-1.0,78.0,93.0,43.0,0.5,1016.0,6.0,10.3,498.0,572.0,,6106.306122448979,0.0,-10000.0,0.0,4.0,-9.0,64.0,-1.0,6084.0,8649.0,1849.0,0.25,1032256.0,36.0,106.09000000000002,248004.0,327184.0,49800.0
8602,84.14285714285714,0.0,0.0,0.0,2.0,0.0,4.0,-3.0,60.0,70.0,38.0,0.0,1024.62,17.0,10.5,497.0,571.0,,7080.020408163265,0.0,0.0,0.0,4.0,0.0,16.0,-9.0,3600.0,4900.0,1444.0,0.0,1049846.1443999999,289.0,110.25,247009.0,326041.0,-0.0
8700,76.85714285714286,0.0,0.0,0.0,0.0,-4.0,4.0,-2.0,83.0,93.0,58.0,0.0,1027.55,2.0,12.9,496.0,571.0,,5907.0204081632655,0.0,0.0,0.0,0.0,-16.0,16.0,-4.0,6889.0,8649.0,3364.0,0.0,1055859.0025,4.0,166.41,246016.0,326041.0,-0.0
8766,100.0,0.0,0.0,0.0,-0.0,-1.0,0.0,-1.0,95.0,100.0,91.0,0.0,1032.24,2.0,5.2,496.0,570.0,,10000.0,0.0,0.0,0.0,-0.0,-1.0,0.0,-1.0,9025.0,10000.0,8281.0,0.0,1065519.4176,4.0,27.040000000000003,246016.0,324900.0,-0.0
8346,90.42857142857143,0.0,0.0,0.0,-3.0,-5.0,-1.0,-4.0,97.0,100.0,92.0,0.0,1028.81,1.0,0.5,495.0,570.0,,8177.326530612245,0.0,0.0,0.0,-9.0,-25.0,-1.0,-16.0,9409.0,10000.0,8464.0,0.0,1058450.0161,1.0,0.25,245025.0,324900.0,-0.0
8572,100.0,0.0,0.0,0.0,0.0,-4.0,5.0,3.0,96.0,100.0,92.0,0.9,1021.76,1.0,4.0,495.0,569.0,,10000.0,0.0,0.0,0.0,0.0,-16.0,25.0,9.0,9216.0,10000.0,8464.0,0.81,1043993.4976,1.0,16.0,245025.0,323761.0,-0.0
7695,86.85714285714286,-80.0,0.0,0.0,6.0,-1.0,10.0,4.0,84.0,100.0,62.0,0.0,1025.17,8.0,7.5,494.0,569.0,,7544.163265306123,-6400.0,0.0,0.0,36.0,-1.0,100.0,16.0,7056.0,10000.0,3844.0,0.0,1050973.5289,64.0,56.25,244036.0,323761.0,-0.0
7398,28.571428571428573,0.0,-100.0,0.0,4.0,-3.0,10.0,0.0,87.0,100.0,53.0,0.0,1027.3,3.0,3.2,494.0,569.0,,816.3265306122449,0.0,-10000.0,0.0,16.0,-9.0,100.0,0.0,7569.0,10000.0,2809.0,0.0,1055345.2899999998,9.0,10.240000000000002,244036.0,323761.0,49400.0
8349,3.5714285714285716,0.0,0.0,0.0,4.0,-4.0,11.0,-1.0,80.0,100.0,37.0,0.0,1023.67,1.0,7.5,494.0,569.0,,12.755102040816327,0.0,0.0,0.0,16.0,-16.0,121.0,-1.0,6400.0,10000.0,1369.0,0.0,1047900.2688999999,1.0,56.25,244036.0,323761.0,-0.0
8099,39.285714285714285,0.0,0.0,0.0,5.0,0.0,10.0,-1.0,58.0,87.0,33.0,0.0,1024.31,16.0,10.0,494.0,569.0,,1543.3673469387754,0.0,0.0,0.0,25.0,0.0,100.0,-1.0,3364.0,7569.0,1089.0,0.0,1049210.9760999999,256.0,100.0,244036.0,323761.0,-0.0
8190,59.0,0.0,0.0,0.0,8.0,0.0,16.0,2.0,66.0,93.0,25.0,0.0,1024.74,4.0,11.3,494.0,569.0,,3481.0,0.0,0.0,0.0,64.0,0.0,256.0,4.0,4356.0,8649.0,625.0,0.0,1050092.0676,16.0,127.69000000000001,244036.0,323761.0,-0.0
7948,42.166666666666664,0.0,0.0,0.0,6.0,1.0,10.0,3.0,75.0,100.0,52.0,0.0,1030.33,9.0,9.3,494.0,569.0,,1778.0277777777776,0.0,0.0,0.0,36.0,1.0,100.0,9.0,5625.0,10000.0,2704.0,0.0,1061579.9089,81.0,86.49000000000001,244036.0,323761.0,-0.0
7777,73.57142857142857,0.0,0.0,0.0,4.0,-3.0,12.0,1.0,78.0,100.0,45.0,0.0,1028.51,4.0,5.2,494.0,569.0,,5412.755102040816,0.0,0.0,0.0,16.0,-9.0,144.0,1.0,6084.0,10000.0,2025.0,0.0,1057832.8201,16.0,27.040000000000003,244036.0,323761.0,-0.0
7374,50.714285714285715,0.0,0.0,0.0,9.0,3.0,15.0,3.0,66.0,87.0,32.0,0.0,1025.45,9.0,10.8,495.0,569.0,,2571.9387755102043,0.0,0.0,0.0,81.0,9.0,225.0,9.0,4356.0,7569.0,1024.0,0.0,1051547.7025000001,81.0,116.64000000000001,245025.0,323761.0,-0.0
7515,63.0,0.0,0.0,0.0,4.0,0.0,9.0,2.0,73.0,87.0,53.0,0.1,1026.65,12.0,11.1,496.0,570.0,,3969.0,0.0,0.0,0.0,16.0,0.0,81.0,4.0,5329.0,7569.0,2809.0,0.010000000000000002,1054010.2225000001,144.0,123.21,246016.0,324900.0,-0.0
7908,65.5,0.0,0.0,0.0,-5.0,-9.0,-1.0,-5.0,84.0,95.0,51.0,0.7,1034.88,9.0,9.6,496.0,571.0,,4290.25,0.0,0.0,0.0,-25.0,-81.0,-1.0,-25.0,7056.0,9025.0,2601.0,0.48999999999999994,1070976.6144000003,81.0,92.16,246016.0,326041.0,-0.0
8663,31.666666666666668,0.0,0.0,0.0,-6.0,-13.0,-2.0,-10.0,78.0,100.0,40.0,0.2,1040.35,5.0,8.6,497.0,572.0,,1002.7777777777778,0.0,0.0,0.0,-36.0,-169.0,-4.0,-100.0,6084.0,10000.0,1600.0,0.04000000000000001,1082328.1224999998,25.0,73.96,247009.0,327184.0,-0.0
9236,0.0,0.0,0.0,0.0,-8.0,-15.0,-1.0,-13.0,75.0,92.0,46.0,0.0,1034.6,2.0,15.0,498.0,572.0,,0.0,0.0,0.0,0.0,-64.0,-225.0,-1.0,-169.0,5625.0,8464.0,2116.0,0.0,1070397.16,4.0,225.0,248004.0,327184.0,-0.0
8738,15.5,0.0,-100.0,0.0,-12.0,-17.0,-7.0,-14.0,78.0,92.0,60.0,0.0,1027.39,3.0,10.6,499.0,573.0,,240.25,0.0,-10000.0,0.0,-144.0,-289.0,-49.0,-196.0,6084.0,8464.0,3600.0,0.0,1055530.2121000001,9.0,112.36,249001.0,328329.0,49900.0
9375,90.85714285714286,0.0,0.0,0.0,-10.0,-15.0,-8.0,-14.0,72.0,85.0,56.0,0.0,1029.45,10.0,9.7,500.0,574.0,,8255.020408163266,0.0,0.0,0.0,-100.0,-225.0,-64.0,-196.0,5184.0,7225.0,3136.0,0.0,1059767.3025,100.0,94.08999999999999,250000.0,329476.0,-0.0
9429,74.33333333333333,0.0,-100.0,0.0,-14.0,-17.0,-12.0,-17.0,79.0,92.0,64.0,0.0,1023.9,11.0,9.8,501.0,575.0,,5525.444444444443,0.0,-10000.0,0.0,-196.0,-289.0,-144.0,-289.0,6241.0,8464.0,4096.0,0.0,1048371.21,121.0,96.04000000000002,251001.0,330625.0,50100.0
9488,88.16666666666667,-80.0,0.0,0.0,-5.0,-7.0,-3.0,-7.0,86.0,93.0,73.0,0.0,1005.29,7.0,7.7,505.0,578.0,,7773.361111111112,-6400.0,0.0,0.0,-25.0,-49.0,-9.0,-49.0,7396.0,8649.0,5329.0,0.0,1010607.9840999999,49.0,59.290000000000006,255025.0,334084.0,-0.0
8229,96.5,-80.0,-100.0,0.0,-4.0,-5.0,-2.0,-4.0,93.0,100.0,85.0,6.0,1000.95,7.0,1.3,506.0,580.0,,9312.25,-6400.0,-10000.0,0.0,-16.0,-25.0,-4.0,-16.0,8649.0,10000.0,7225.0,36.0,1001900.9025000001,49.0,1.6900000000000002,256036.0,336400.0,50600.0
8242,62.5,-80.0,0.0,0.0,-2.0,-5.0,2.0,-6.0,78.0,93.0,49.0,0.2,1006.0,3.0,9.8,508.0,581.0,,3906.25,-6400.0,0.0,0.0,-4.0,-25.0,4.0,-36.0,6084.0,8649.0,2401.0,0.04000000000000001,1012036.0,9.0,96.04000000000002,258064.0,337561.0,-0.0
8155,36.42857142857143,-80.0,0.0,0.0,-2.0,-10.0,6.0,-6.0,76.0,100.0,42.0,0.0,1009.95,6.0,8.0,509.0,582.0,,1327.0408163265308,-6400.0,0.0,0.0,-4.0,-100.0,36.0,-36.0,5776.0,10000.0,1764.0,0.0,1019999.0025000001,36.0,64.0,259081.0,338724.0,-0.0
8297,99.0,0.0,-100.0,0.0,-3.0,-7.0,0.0,-1.0,96.0,100.0,85.0,5.0,1004.4,10.0,4.7,511.0,584.0,,9801.0,0.0,-10000.0,0.0,-9.0,-49.0,0.0,-1.0,9216.0,10000.0,7225.0,25.0,1008819.36,100.0,22.090000000000003,261121.0,341056.0,51100.0
8756,96.0,0.0,0.0,0.0,0.0,-1.0,2.0,-0.0,97.0,100.0,93.0,0.0,1000.14,3.0,2.8,513.0,586.0,,9216.0,0.0,0.0,0.0,0.0,-1.0,4.0,-0.0,9409.0,10000.0,8649.0,0.0,1000280.0196,9.0,7.839999999999999,263169.0,343396.0,-0.0
8546,75.57142857142857,0.0,0.0,0.0,5.0,0.0,10.0,1.0,68.0,87.0,42.0,0.0,991.07,12.0,10.7,515.0,587.0,,5711.04081632653,0.0,0.0,0.0,25.0,0.0,100.0,1.0,4624.0,7569.0,1764.0,0.0,982219.7449,144.0,114.48999999999998,265225.0,344569.0,-0.0
8853,76.57142857142857,0.0,0.0,0.0,2.0,-1.0,4.0,-0.0,82.0,93.0,49.0,0.0,1003.0,5.0,10.6,517.0,589.0,,5863.183673469387,0.0,0.0,0.0,4.0,-1.0,16.0,-0.0,6724.0,8649.0,2401.0,0.0,1006009.0,25.0,112.36,267289.0,346921.0,-0.0
8232,70.42857142857143,-80.0,0.0,0.0,-3.0,-7.0,1.0,-4.0,85.0,100.0,65.0,2.0,1013.49,10.0,8.6,519.0,591.0,,4960.183673469388,-6400.0,0.0,0.0,-9.0,-49.0,1.0,-16.0,7225.0,10000.0,4225.0,4.0,1027161.9801,100.0,73.96,269361.0,349281.0,-0.0
8904,80.0,0.0,0.0,0.0,-5.0,-9.0,-1.0,-5.0,93.0,100.0,86.0,0.2,1007.77,4.0,8.2,521.0,593.0,,6400.0,0.0,0.0,0.0,-25.0,-81.0,-1.0,-25.0,8649.0,10000.0,7396.0,0.04000000000000001,1015600.3729,16.0,67.24,271441.0,351649.0,-0.0
8916,88.71428571428571,0.0,0.0,0.0,-3.0,-6.0,0.0,-5.0,80.0,93.0,63.0,0.5,1010.12,12.0,10.4,523.0,595.0,,7870.224489795917,0.0,0.0,0.0,-9.0,-36.0,0.0,-25.0,6400.0,8649.0,3969.0,0.25,1020342.4144,144.0,108.16000000000001,273529.0,354025.0,-0.0
8779,91.0,0.0,-100.0,0.0,-8.0,-10.0,-6.0,-10.0,82.0,93.0,66.0,0.0,1017.17,7.0,10.5,525.0,596.0,,8281.0,0.0,-10000.0,0.0,-64.0,-100.0,-36.0,-100.0,6724.0,8649.0,4356.0,0.0,1034634.8089,49.0,110.25,275625.0,355216.0,52500.0
9278,96.42857142857143,-80.0,0.0,0.0,-7.0,-9.0,-5.0,-9.0,79.0,86.0,60.0,2.0,1018.4,11.0,9.5,527.0,599.0,,9298.469387755102,-6400.0,0.0,0.0,-49.0,-81.0,-25.0,-81.0,6241.0,7396.0,3600.0,4.0,1037138.5599999999,121.0,90.25,277729.0,358801.0,-0.0
8775,99.0,-80.0,0.0,0.0,-4.0,-7.0,-3.0,-11.0,64.0,80.0,43.0,0.0,1017.8,7.0,10.0,530.0,601.0,,9801.0,-6400.0,0.0,0.0,-16.0,-49.0,-9.0,-121.0,4096.0,6400.0,1849.0,0.0,1035916.8399999999,49.0,100.0,280900.0,361201.0,-0.0
9280,68.0,-80.0,0.0,0.0,-8.0,-14.0,-3.0,-14.0,63.0,85.0,26.0,0.0,1016.91,6.0,12.7,532.0,603.0,,4624.0,-6400.0,0.0,0.0,-64.0,-196.0,-9.0,-196.0,3969.0,7225.0,676.0,0.0,1034105.9480999999,36.0,161.29,283024.0,363609.0,-0.0
9523,79.42857142857143,0.0,0.0,0.0,-7.0,-13.0,-1.0,-9.0,73.0,93.0,45.0,0.0,1019.26,8.0,10.7,534.0,605.0,,6308.897959183674,0.0,0.0,0.0,-49.0,-169.0,-1.0,-81.0,5329.0,8649.0,2025.0,0.0,1038890.9476,64.0,114.48999999999998,285156.0,366025.0,-0.0
9505,77.14285714285714,0.0,0.0,0.0,-6.0,-9.0,-2.0,-8.0,76.0,86.0,58.0,0.0,1031.1,12.0,10.0,537.0,607.0,,5951.020408163265,0.0,0.0,0.0,-36.0,-81.0,-4.0,-64.0,5776.0,7396.0,3364.0,0.0,1063167.2099999997,144.0,100.0,288369.0,368449.0,-0.0
9183,51.42857142857143,0.0,0.0,0.0,-6.0,-14.0,2.0,-12.0,61.0,86.0,25.0,0.0,1031.93,4.0,11.3,539.0,610.0,,2644.8979591836737,0.0,0.0,0.0,-36.0,-196.0,4.0,-144.0,3721.0,7396.0,625.0,0.0,1064879.5249,16.0,127.69000000000001,290521.0,372100.0,-0.0
8856,42.0,0.0,-100.0,0.0,-12.0,-18.0,-5.0,-13.0,70.0,92.0,39.0,0.0,1031.3,1.0,11.5,542.0,612.0,,1764.0,0.0,-10000.0,0.0,-144.0,-324.0,-25.0,-169.0,4900.0,8464.0,1521.0,0.0,1063579.69,1.0,132.25,293764.0,374544.0,54200.0
9230,90.85714285714286,0.0,0.0,0.0,-0.0,-5.0,4.0,-4.0,70.0,93.0,48.0,0.0,1023.7,6.0,10.1,545.0,614.0,,8255.020408163266,0.0,0.0,0.0,-0.0,-25.0,16.0,-16.0,4900.0,8649.0,2304.0,0.0,1047961.6900000001,36.0,102.00999999999999,297025.0,376996.0,-0.0
8993,94.42857142857143,0.0,0.0,0.0,2.0,0.0,5.0,0.0,87.0,100.0,58.0,1.0,1024.69,7.0,7.9,547.0,617.0,,8916.755102040817,0.0,0.0,0.0,4.0,0.0,25.0,0.0,7569.0,10000.0,3364.0,1.0,1049989.5961000002,49.0,62.410000000000004,299209.0,380689.0,-0.0
8783,89.85714285714286,0.0,0.0,0.0,5.0,0.0,10.0,2.0,78.0,100.0,48.0,0.0,1019.6,6.0,7.6,550.0,619.0,,8074.30612244898,0.0,0.0,0.0,25.0,0.0,100.0,4.0,6084.0,10000.0,2304.0,0.0,1039584.16,36.0,57.76,302500.0,383161.0,-0.0
8501,87.85714285714286,0.0,0.0,0.0,8.0,3.0,12.0,4.0,72.0,87.0,51.0,0.3,1017.88,8.0,10.2,553.0,622.0,,7718.877551020409,0.0,0.0,0.0,64.0,9.0,144.0,16.0,5184.0,7569.0,2601.0,0.09,1036079.6944,64.0,104.03999999999999,305809.0,386884.0,-0.0
8252,69.85714285714286,0.0,0.0,0.0,2.0,-3.0,6.0,-1.0,78.0,93.0,47.0,0.0,1026.05,6.0,12.7,556.0,625.0,,4880.0204081632655,0.0,0.0,0.0,4.0,-9.0,36.0,-1.0,6084.0,8649.0,2209.0,0.0,1052778.6024999998,36.0,161.29,309136.0,390625.0,-0.0
8001,25.833333333333332,0.0,0.0,0.0,4.0,-5.0,12.0,-2.0,71.0,100.0,25.0,0.0,1021.45,5.0,14.3,559.0,627.0,,667.3611111111111,0.0,0.0,0.0,16.0,-25.0,144.0,-4.0,5041.0,10000.0,625.0,0.0,1043360.1025,25.0,204.49,312481.0,393129.0,-0.0
7416,73.71428571428571,0.0,-100.0,0.0,5.0,-1.0,11.0,-1.0,64.0,76.0,45.0,0.6,1007.93,13.0,10.8,562.0,630.0,,5433.795918367346,0.0,-10000.0,0.0,25.0,-1.0,121.0,-1.0,4096.0,5776.0,2025.0,0.36,1015922.8849,169.0,116.64000000000001,315844.0,396900.0,56200.0
8290,94.42857142857143,0.0,0.0,0.0,1.0,-2.0,4.0,-1.0,78.0,93.0,58.0,0.6,1013.72,8.0,11.4,565.0,633.0,,8916.755102040817,0.0,0.0,0.0,1.0,-4.0,16.0,-1.0,6084.0,8649.0,3364.0,0.36,1027628.2384,64.0,129.96,319225.0,400689.0,-0.0
7783,87.71428571428571,0.0,0.0,0.0,6.0,1.0,11.0,3.0,68.0,87.0,50.0,0.0,1015.26,12.0,11.2,568.0,636.0,,7693.795918367346,0.0,0.0,0.0,36.0,1.0,121.0,9.0,4624.0,7569.0,2500.0,0.0,1030752.8676,144.0,125.43999999999998,322624.0,404496.0,-0.0
7573,76.57142857142857,0.0,0.0,0.0,8.0,2.0,14.0,3.0,73.0,93.0,43.0,0.0,1011.36,10.0,9.8,571.0,638.0,,5863.183673469387,0.0,0.0,0.0,64.0,4.0,196.0,9.0,5329.0,8649.0,1849.0,0.0,1022849.0496,100.0,96.04000000000002,326041.0,407044.0,-0.0
7808,85.71428571428571,0.0,0.0,0.0,2.0,-1.0,4.0,-2.0,78.0,100.0,52.0,0.0,1014.93,12.0,10.1,574.0,641.0,,7346.938775510203,0.0,0.0,0.0,4.0,-1.0,16.0,-4.0,6084.0,10000.0,2704.0,0.0,1030082.9048999998,144.0,102.00999999999999,329476.0,410881.0,-0.0
8265,61.857142857142854,0.0,0.0,0.0,0.0,-3.0,3.0,-4.0,71.0,93.0,50.0,0.1,1021.95,9.0,10.6,577.0,644.0,,3826.3061224489793,0.0,0.0,0.0,0.0,-9.0,9.0,-16.0,5041.0,8649.0,2500.0,0.010000000000000002,1044381.8025000001,81.0,112.36,332929.0,414736.0,-0.0
8329,54.714285714285715,0.0,0.0,0.0,2.0,-4.0,7.0,-6.0,61.0,93.0,28.0,0.0,1025.67,6.0,11.2,580.0,647.0,,2993.65306122449,0.0,0.0,0.0,4.0,-16.0,49.0,-36.0,3721.0,8649.0,784.0,0.0,1051998.9489000002,36.0,125.43999999999998,336400.0,418609.0,-0.0
7599,46.57142857142857,0.0,-100.0,0.0,-0.0,-7.0,6.0,-3.0,81.0,100.0,58.0,0.0,1019.83,4.0,11.3,583.0,650.0,,2168.8979591836733,0.0,-10000.0,0.0,-0.0,-49.0,36.0,-9.0,6561.0,10000.0,3364.0,0.0,1040053.2289000001,16.0,127.69000000000001,339889.0,422500.0,58300.0
8580,67.71428571428571,0.0,0.0,0.0,2.0,-3.0,6.0,-0.0,82.0,100.0,60.0,0.0,1015.98,6.0,9.9,586.0,653.0,,4585.224489795917,0.0,0.0,0.0,4.0,-9.0,36.0,-0.0,6724.0,10000.0,3600.0,0.0,1032215.3604,36.0,98.01,343396.0,426409.0,-0.0
8282,71.14285714285714,0.0,0.0,0.0,7.0,0.0,14.0,2.0,65.0,93.0,33.0,0.0,1010.0,10.0,11.4,590.0,656.0,,5061.306122448979,0.0,0.0,0.0,49.0,0.0,196.0,4.0,4225.0,8649.0,1089.0,0.0,1020100.0,100.0,129.96,348100.0,430336.0,-0.0
8344,80.28571428571429,0.0,0.0,0.0,5.0,3.0,7.0,2.0,79.0,93.0,59.0,0.0,995.17,12.0,11.1,593.0,659.0,,6445.795918367348,0.0,0.0,0.0,25.0,9.0,49.0,4.0,6241.0,8649.0,3481.0,0.0,990363.3289,144.0,123.21,351649.0,434281.0,-0.0
8307,76.0,0.0,0.0,0.0,4.0,2.0,7.0,-3.0,56.0,81.0,30.0,0.0,1000.0,17.0,11.2,596.0,662.0,,5776.0,0.0,0.0,0.0,16.0,4.0,49.0,-9.0,3136.0,6561.0,900.0,0.0,1000000.0,289.0,125.43999999999998,355216.0,438244.0,-0.0
8034,61.42857142857143,-80.0,0.0,0.0,3.0,-3.0,9.0,-4.0,61.0,93.0,20.0,0.0,1009.42,5.0,11.3,599.0,665.0,,3773.469387755102,-6400.0,0.0,0.0,9.0,-9.0,81.0,-16.0,3721.0,8649.0,400.0,0.0,1018928.7363999999,25.0,127.69000000000001,358801.0,442225.0,-0.0
8331,89.85714285714286,0.0,0.0,0.0,2.0,-1.0,5.0,0.0,80.0,93.0,65.0,0.0,999.55,15.0,12.1,603.0,668.0,,8074.30612244898,0.0,0.0,0.0,4.0,-1.0,25.0,0.0,6400.0,8649.0,4225.0,0.0,999100.2024999999,225.0,146.41,363609.0,446224.0,-0.0
7623,67.85714285714286,0.0,-100.0,0.0,7.0,2.0,12.0,1.0,73.0,100.0,32.0,0.0,997.26,6.0,7.1,606.0,672.0,,4604.591836734695,0.0,-10000.0,0.0,49.0,4.0,144.0,1.0,5329.0,10000.0,1024.0,0.0,994527.5076,36.0,50.41,367236.0,451584.0,60600.0
7664,88.16666666666667,-80.0,0.0,0.0,8.0,2.0,15.0,5.0,77.0,94.0,42.0,1.0,1005.04,7.0,11.2,610.0,675.0,,7773.361111111112,-6400.0,0.0,0.0,64.0,4.0,225.0,25.0,5929.0,8836.0,1764.0,1.0,1010105.4016,49.0,125.43999999999998,372100.0,455625.0,-0.0
8242,98.0,0.0,0.0,0.0,6.0,4.0,7.0,4.0,87.0,93.0,75.0,0.5,1026.9,10.0,9.7,613.0,678.0,,9604.0,0.0,0.0,0.0,36.0,16.0,49.0,16.0,7569.0,8649.0,5625.0,0.25,1054523.61,100.0,94.08999999999999,375769.0,459684.0,-0.0
8567,100.0,0.0,0.0,0.0,4.0,2.0,6.0,3.0,92.0,100.0,84.0,0.0,1032.07,14.0,10.5,616.0,681.0,,10000.0,0.0,0.0,0.0,16.0,4.0,36.0,9.0,8464.0,10000.0,7056.0,0.0,1065168.4848999998,196.0,110.25,379456.0,463761.0,-0.0
8489,99.0,0.0,0.0,0.0,6.0,5.0,6.0,3.0,83.0,87.0,73.0,0.0,1021.52,18.0,11.1,620.0,685.0,,9801.0,0.0,0.0,0.0,36.0,25.0,36.0,9.0,6889.0,7569.0,5329.0,0.0,1043503.1104,324.0,123.21,384400.0,469225.0,-0.0
8566,90.5,0.0,0.0,0.0,2.0,0.0,5.0,-0.0,78.0,93.0,56.0,0.8,1014.33,13.0,10.0,623.0,688.0,,8190.25,0.0,0.0,0.0,4.0,0.0,25.0,-0.0,6084.0,8649.0,3136.0,0.6400000000000001,1028865.3489000001,169.0,100.0,388129.0,473344.0,-0.0
8510,100.0,0.0,0.0,0.0,1.0,-1.0,3.0,-1.0,83.0,100.0,62.0,0.0,1019.62,6.0,10.2,627.0,691.0,,10000.0,0.0,0.0,0.0,1.0,-1.0,9.0,-1.0,6889.0,10000.0,3844.0,0.0,1039624.9444,36.0,104.03999999999999,393129.0,477481.0,-0.0
7875,76.14285714285714,0.0,-100.0,0.0,1.0,-5.0,7.0,-0.0,83.0,100.0,56.0,1.0,1011.02,4.0,9.5,630.0,695.0,,5797.734693877551,0.0,-10000.0,0.0,1.0,-25.0,49.0,-0.0,6889.0,10000.0,3136.0,1.0,1022161.4404,16.0,90.25,396900.0,483025.0,63000.0
8169,62.142857142857146,0.0,0.0,0.0,10.0,3.0,17.0,3.0,59.0,93.0,18.0,0.0,1005.33,16.0,10.9,634.0,698.0,,3861.7346938775513,0.0,0.0,0.0,100.0,9.0,289.0,9.0,3481.0,8649.0,324.0,0.0,1010688.4089,256.0,118.81,401956.0,487204.0,-0.0
8057,86.5,0.0,0.0,0.0,8.0,1.0,16.0,5.0,72.0,95.0,38.0,1.0,1006.07,8.0,10.0,637.0,701.0,,7482.25,0.0,0.0,0.0,64.0,1.0,256.0,25.0,5184.0,9025.0,1444.0,1.0,1012176.8449000001,64.0,100.0,405769.0,491401.0,-0.0
8429,93.33333333333333,0.0,0.0,0.0,0.0,-1.0,2.0,0.0,92.0,100.0,81.0,4.0,1010.9,12.0,7.8,641.0,705.0,,8711.11111111111,0.0,0.0,0.0,0.0,-1.0,4.0,0.0,8464.0,10000.0,6561.0,16.0,1021918.8099999999,144.0,60.839999999999996,410881.0,497025.0,-0.0
8410,52.857142857142854,0.0,0.0,0.0,1.0,-5.0,7.0,-4.0,65.0,93.0,33.0,0.0,1013.98,6.0,11.7,644.0,708.0,,2793.8775510204077,0.0,0.0,0.0,1.0,-25.0,49.0,-16.0,4225.0,8649.0,1089.0,0.0,1028155.4404000001,36.0,136.89,414736.0,501264.0,-0.0
8256,100.0,0.0,0.0,0.0,1.0,0.0,2.0,-1.0,86.0,93.0,74.0,0.1,1011.84,5.0,10.3,648.0,711.0,,10000.0,0.0,0.0,0.0,1.0,0.0,4.0,-1.0,7396.0,8649.0,5476.0,0.010000000000000002,1023820.1856000001,25.0,106.09000000000002,419904.0,505521.0,-0.0
7853,93.28571428571429,0.0,0.0,0.0,2.0,0.0,4.0,-2.0,75.0,87.0,57.0,0.0,1017.88,8.0,10.6,651.0,715.0,,8702.224489795919,0.0,0.0,0.0,4.0,0.0,16.0,-4.0,5625.0,7569.0,3249.0,0.0,1036079.6944,64.0,112.36,423801.0,511225.0,-0.0
7214,59.714285714285715,0.0,-100.0,0.0,4.0,-2.0,10.0,2.0,81.0,100.0,58.0,0.0,1019.81,7.0,9.2,655.0,718.0,,3565.795918367347,0.0,-10000.0,0.0,16.0,-4.0,100.0,4.0,6561.0,10000.0,3364.0,0.0,1040012.4360999999,49.0,84.63999999999999,429025.0,515524.0,65500.0
8149,100.0,0.0,0.0,0.0,4.0,0.0,7.0,4.0,91.0,100.0,75.0,0.0,1017.93,9.0,7.2,658.0,722.0,,10000.0,0.0,0.0,0.0,16.0,0.0,49.0,16.0,8281.0,10000.0,5625.0,0.0,1036181.4848999999,81.0,51.84,432964.0,521284.0,-0.0
8195,87.57142857142857,0.0,0.0,0.0,10.0,5.0,14.0,5.0,80.0,100.0,33.0,0.0,1006.38,8.0,7.4,662.0,725.0,,7668.755102040816,0.0,0.0,0.0,100.0,25.0,196.0,25.0,6400.0,10000.0,1089.0,0.0,1012800.7044,64.0,54.760000000000005,438244.0,525625.0,-0.0
8269,78.0,0.0,0.0,0.0,2.0,-2.0,4.0,-1.0,78.0,93.0,58.0,0.0,1008.33,5.0,9.9,665.0,729.0,,6084.0,0.0,0.0,0.0,4.0,-4.0,16.0,-1.0,6084.0,8649.0,3364.0,0.0,1016729.3889000001,25.0,98.01,442225.0,531441.0,-0.0
8365,100.0,0.0,0.0,0.0,1.0,-5.0,7.0,1.0,86.0,100.0,66.0,0.0,1003.55,7.0,6.6,669.0,732.0,,10000.0,0.0,0.0,0.0,1.0,-25.0,49.0,1.0,7396.0,10000.0,4356.0,0.0,1007112.6024999999,49.0,43.559999999999995,447561.0,535824.0,-0.0
8342,94.42857142857143,0.0,0.0,0.0,4.0,2.0,6.0,2.0,86.0,93.0,64.0,0.0,1002.93,9.0,9.2,673.0,736.0,,8916.755102040817,0.0,0.0,0.0,16.0,4.0,36.0,4.0,7396.0,8649.0,4096.0,0.0,1005868.5848999999,81.0,84.63999999999999,452929.0,541696.0,-0.0
8001,93.28571428571429,0.0,0.0,0.0,4.0,0.0,7.0,2.0,89.0,100.0,68.0,0.0,1006.88,7.0,6.5,676.0,739.0,,8702.224489795919,0.0,0.0,0.0,16.0,0.0,49.0,4.0,7921.0,10000.0,4624.0,0.0,1013807.3343999999,49.0,42.25,456976.0,546121.0,-0.0
7356,68.28571428571429,0.0,-100.0,0.0,6.0,0.0,13.0,2.0,73.0,100.0,46.0,0.0,1004.1,5.0,8.2,680.0,743.0,,4662.938775510205,0.0,-10000.0,0.0,36.0,0.0,169.0,4.0,5329.0,10000.0,2116.0,0.0,1008216.81,25.0,67.24,462400.0,552049.0,68000.0
7865,86.28571428571429,0.0,0.0,0.0,9.0,3.0,15.0,5.0,79.0,100.0,47.0,0.0,1003.26,7.0,9.4,683.0,746.0,,7445.224489795919,0.0,0.0,0.0,81.0,9.0,225.0,25.0,6241.0,10000.0,2209.0,0.0,1006530.6276,49.0,88.36000000000001,466489.0,556516.0,-0.0
7579,86.85714285714286,0.0,-100.0,0.0,9.0,5.0,13.0,6.0,86.0,100.0,54.0,6.0,1008.47,5.0,7.1,687.0,750.0,,7544.163265306123,0.0,-10000.0,0.0,81.0,25.0,169.0,36.0,7396.0,10000.0,2916.0,36.0,1017011.7409000001,25.0,50.41,471969.0,562500.0,68700.0
7900,89.85714285714286,0.0,0.0,0.0,7.0,4.0,10.0,4.0,77.0,93.0,49.0,0.0,1015.1,5.0,10.5,691.0,754.0,,8074.30612244898,0.0,0.0,0.0,49.0,16.0,100.0,16.0,5929.0,8649.0,2401.0,0.0,1030428.01,25.0,110.25,477481.0,568516.0,-0.0
7932,95.83333333333333,0.0,0.0,0.0,8.0,5.0,10.0,7.0,91.0,100.0,74.0,0.9,1014.33,12.0,8.6,694.0,757.0,,9184.027777777777,0.0,0.0,0.0,64.0,25.0,100.0,49.0,8281.0,10000.0,5476.0,0.81,1028865.3489000001,144.0,73.96,481636.0,573049.0,-0.0
8054,93.6,0.0,0.0,0.0,4.0,2.0,6.0,3.0,89.0,100.0,75.0,1.0,1018.71,3.0,9.0,698.0,761.0,,8760.96,0.0,0.0,0.0,16.0,4.0,36.0,9.0,7921.0,10000.0,5625.0,1.0,1037770.0641000001,9.0,81.0,487204.0,579121.0,-0.0
8129,100.0,0.0,0.0,0.0,4.0,3.0,6.0,4.0,90.0,100.0,77.0,0.0,1023.31,5.0,7.6,701.0,764.0,,10000.0,0.0,0.0,0.0,16.0,9.0,36.0,16.0,8100.0,10000.0,5929.0,0.0,1047163.3560999999,25.0,57.76,491401.0,583696.0,-0.0
7535,100.0,0.0,-100.0,0.0,4.0,2.0,6.0,2.0,81.0,95.0,62.0,0.3,1026.69,8.0,9.9,705.0,768.0,,10000.0,0.0,-10000.0,0.0,16.0,4.0,36.0,4.0,6561.0,9025.0,3844.0,0.09,1054092.3561000002,64.0,98.01,497025.0,589824.0,70500.0
8240,89.85714285714286,0.0,0.0,0.0,3.0,0.0,6.0,-4.0,61.0,81.0,34.0,0.0,1025.5,8.0,10.5,709.0,772.0,,8074.30612244898,0.0,0.0,0.0,9.0,0.0,36.0,-16.0,3721.0,6561.0,1156.0,0.0,1051650.25,64.0,110.25,502681.0,595984.0,-0.0
