16.03.2016;0
16.03.2016;25
16.03.2016;50
16.03.2016;75
16.03.2016;93
16.03.2016;93
16.03.2016;100
15.03.2016;93
15.03.2016;100
15.03.2016;100
15.03.2016;100
15.03.2016;100
15.03.2016;100
15.03.2016;100
15.03.2016;100
14.03.2016;93
14.03.2016;75
14.03.2016;75
14.03.2016;93
14.03.2016;93
14.03.2016;93
14.03.2016;100
14.03.2016;100
13.03.2016;100
13.03.2016;100
13.03.2016;100
13.03.2016;100
13.03.2016;100
13.03.2016;100
13.03.2016;100
13.03.2016;100
12.03.2016;100
12.03.2016;100
12.03.2016;100
12.03.2016;100
12.03.2016;100
12.03.2016;100
12.03.2016;100
12.03.2016;100
11.03.2016;100
11.03.2016;100
11.03.2016;100
11.03.2016;93
11.03.2016;75
11.03.2016;100
10.03.2016;60
10.03.2016;75
10.03.2016;100
10.03.2016;100
10.03.2016;100
10.03.2016;100
10.03.2016;100
09.03.2016;100
09.03.2016;100
09.03.2016;75
09.03.2016;75
09.03.2016;93
09.03.2016;100
09.03.2016;93
09.03.2016;93
08.03.2016;60
08.03.2016;40
08.03.2016;75
08.03.2016;93
08.03.2016;100
08.03.2016;100
08.03.2016;100
08.03.2016;100
07.03.2016;100
07.03.2016;75
07.03.2016;75
07.03.2016;93
07.03.2016;100
07.03.2016;75
07.03.2016;93
07.03.2016;93
06.03.2016;60
06.03.2016;60
06.03.2016;60
06.03.2016;75
06.03.2016;75
06.03.2016;93
06.03.2016;75
06.03.2016;40
05.03.2016;40
05.03.2016;93
05.03.2016;100
05.03.2016;100
05.03.2016;100
05.03.2016;100
05.03.2016;100
05.03.2016;60
04.03.2016;100
04.03.2016;93
04.03.2016;93
04.03.2016;100
04.03.2016;100
04.03.2016;100
04.03.2016;75
04.03.2016;100
03.03.2016;100
03.03.2016;100
03.03.2016;100
03.03.2016;100
03.03.2016;100
03.03.2016;100
03.03.2016;100
03.03.2016;100
02.03.2016;25
02.03.2016;25
02.03.2016;93
02.03.2016;100
02.03.2016;100
02.03.2016;93
02.03.2016;60
02.03.2016;75
01.03.2016;75
01.03.2016;93
01.03.2016;60
01.03.2016;60
01.03.2016;100
01.03.2016;100
01.03.2016;100
01.03.2016;100
29.02.2016;100
29.02.2016;100
29.02.2016;100
29.02.2016;100
29.02.2016;100
29.02.2016;100
29.02.2016;100
29.02.2016;100
28.02.2016;93
28.02.2016;93
28.02.2016;75
28.02.2016;75
28.02.2016;75
28.02.2016;75
28.02.2016;25
28.02.2016;0
27.02.2016;40
27.02.2016;60
27.02.2016;100
27.02.2016;100
27.02.2016;100
27.02.2016;93
27.02.2016;100
27.02.2016;100
26.02.2016;100
26.02.2016;100
26.02.2016;100
26.02.2016;100
26.02.2016;100
26.02.2016;100
25.02.2016;75
25.02.2016;40
25.02.2016;75
25.02.2016;75
25.02.2016;75
25.02.2016;40
25.02.2016;40
25.02.2016;25
24.02.2016;40
24.02.2016;60
24.02.2016;100
24.02.2016;100
24.02.2016;100
24.02.2016;100
24.02.2016;100
23.02.2016;100
23.02.2016;100
23.02.2016;100
23.02.2016;93
23.02.2016;93
23.02.2016;93
23.02.2016;40
22.02.2016;0
22.02.2016;0
22.02.2016;25
22.02.2016;60
22.02.2016;75
22.02.2016;75
22.02.2016;100
22.02.2016;100
21.02.2016;100
21.02.2016;100
21.02.2016;100
21.02.2016;100
21.02.2016;93
21.02.2016;75
21.02.2016;40
21.02.2016;25
20.02.2016;60
20.02.2016;100
20.02.2016;100
20.02.2016;100
20.02.2016;100
20.02.2016;100
20.02.2016;100
20.02.2016;100
19.02.2016;93
19.02.2016;100
19.02.2016;93
19.02.2016;100
19.02.2016;100
19.02.2016;75
19.02.2016;75
18.02.2016;93
18.02.2016;93
18.02.2016;100
18.02.2016;100
18.02.2016;100
18.02.2016;100
18.02.2016;100
18.02.2016;100
17.02.2016;100
17.02.2016;100
17.02.2016;100
17.02.2016;100
17.02.2016;100
17.02.2016;100
17.02.2016;100
17.02.2016;100
16.02.2016;100
16.02.2016;100
16.02.2016;100
16.02.2016;100
16.02.2016;100
16.02.2016;100
16.02.2016;93
16.02.2016;93
15.02.2016;60
15.02.2016;93
15.02.2016;100
15.02.2016;93
15.02.2016;75
15.02.2016;75
15.02.2016;93
14.02.2016;75
14.02.2016;25
14.02.2016;25
14.02.2016;75
14.02.2016;50
14.02.2016;100
14.02.2016;100
14.02.2016;100
13.02.2016;100
13.02.2016;100
13.02.2016;100
13.02.2016;93
13.02.2016;93
13.02.2016;93
13.02.2016;75
13.02.2016;75
12.02.2016;75
12.02.2016;60
12.02.2016;60
12.02.2016;75
12.02.2016;60
12.02.2016;60
12.02.2016;75
12.02.2016;40
11.02.2016;25
11.02.2016;60
11.02.2016;75
11.02.2016;75
11.02.2016;60
11.02.2016;93
11.02.2016;93
10.02.2016;93
10.02.2016;93
10.02.2016;93
10.02.2016;93
10.02.2016;93
10.02.2016;75
10.02.2016;75
10.02.2016;40
09.02.2016;60
09.02.2016;75
09.02.2016;75
09.02.2016;60
09.02.2016;60
09.02.2016;93
09.02.2016;75
09.02.2016;60
08.02.2016;75
08.02.2016;93
08.02.2016;93
08.02.2016;93
08.02.2016;60
08.02.2016;75
08.02.2016;60
08.02.2016;0
07.02.2016;0
07.02.2016;40
07.02.2016;93
07.02.2016;93
07.02.2016;60
07.02.2016;40
07.02.2016;0
07.02.2016;0
06.02.2016;25
06.02.2016;40
06.02.2016;50
06.02.2016;25
06.02.2016;50
06.02.2016;93
06.02.2016;50
06.02.2016;75
05.02.2016;93
05.02.2016;93
05.02.2016;50
05.02.2016;75
05.02.2016;100
05.02.2016;75
05.02.2016;40
05.02.2016;0
04.02.2016;25
04.02.2016;40
04.02.2016;60
04.02.2016;100
04.02.2016;100
04.02.2016;100
04.02.2016;100
04.02.2016;100
03.02.2016;100
03.02.2016;100
03.02.2016;100
03.02.2016;75
03.02.2016;75
03.02.2016;93
03.02.2016;93
03.02.2016;0
02.02.2016;75
02.02.2016;93
02.02.2016;93
02.02.2016;93
02.02.2016;75
02.02.2016;60
02.02.2016;100
02.02.2016;100
01.02.2016;75
01.02.2016;100
01.02.2016;100
01.02.2016;100
01.02.2016;100
01.02.2016;93
01.02.2016;75
01.02.2016;93
31.01.2016;75
31.01.2016;60
31.01.2016;93
31.01.2016;93
31.01.2016;60
31.01.2016;75
31.01.2016;75
31.01.2016;60
30.01.2016;40
30.01.2016;25
30.01.2016;25
30.01.2016;25
30.01.2016;40
30.01.2016;40
30.01.2016;0
29.01.2016;25
29.01.2016;75
29.01.2016;93
29.01.2016;93
29.01.2016;93
29.01.2016;60
29.01.2016;0
29.01.2016;75
28.01.2016;75
28.01.2016;75
28.01.2016;93
28.01.2016;93
28.01.2016;93
28.01.2016;75
28.01.2016;93
28.01.2016;93
27.01.2016;75
27.01.2016;93
27.01.2016;93
27.01.2016;75
27.01.2016;75
27.01.2016;93
27.01.2016;100
27.01.2016;100
26.01.2016;100
26.01.2016;100
26.01.2016;93
26.01.2016;75
26.01.2016;93
26.01.2016;100
26.01.2016;100
26.01.2016;100
25.01.2016;100
25.01.2016;100
25.01.2016;100
25.01.2016;93
25.01.2016;75
25.01.2016;75
25.01.2016;93
25.01.2016;100
24.01.2016;100
24.01.2016;75
24.01.2016;60
24.01.2016;75
24.01.2016;0
24.01.2016;0
23.01.2016;0
23.01.2016;25
23.01.2016;25
23.01.2016;25
23.01.2016;25
23.01.2016;60
23.01.2016;100
23.01.2016;100
22.01.2016;100
22.01.2016;75
22.01.2016;75
22.01.2016;100
22.01.2016;75
22.01.2016;40
22.01.2016;75
22.01.2016;100
21.01.2016;100
21.01.2016;100
21.01.2016;93
21.01.2016;75
21.01.2016;60
21.01.2016;93
21.01.2016;75
21.01.2016;60
20.01.2016;60
20.01.2016;93
20.01.2016;75
20.01.2016;50
20.01.2016;25
20.01.2016;40
20.01.2016;100
20.01.2016;93
19.01.2016;100
19.01.2016;100
19.01.2016;100
19.01.2016;93
19.01.2016;100
19.01.2016;100
19.01.2016;100
19.01.2016;100
18.01.2016;100
18.01.2016;100
18.01.2016;100
18.01.2016;100
18.01.2016;100
18.01.2016;100
18.01.2016;100
18.01.2016;75
17.01.2016;75
17.01.2016;100
17.01.2016;100
17.01.2016;100
17.01.2016;93
17.01.2016;93
17.01.2016;60
16.01.2016;100
16.01.2016;93
16.01.2016;100
16.01.2016;93
16.01.2016;100
16.01.2016;60
16.01.2016;75
16.01.2016;100
15.01.2016;100
15.01.2016;100
15.01.2016;100
15.01.2016;100
15.01.2016;100
15.01.2016;60
15.01.2016;40
15.01.2016;60
14.01.2016;25
14.01.2016;25
14.01.2016;25
14.01.2016;75
14.01.2016;100
14.01.2016;100
14.01.2016;75
14.01.2016;93
13.01.2016;40
13.01.2016;93
13.01.2016;93
13.01.2016;75
13.01.2016;75
13.01.2016;100
13.01.2016;75
13.01.2016;25
12.01.2016;75
12.01.2016;75
12.01.2016;40
12.01.2016;60
12.01.2016;75
12.01.2016;93
12.01.2016;93
12.01.2016;93
11.01.2016;100
11.01.2016;93
11.01.2016;93
11.01.2016;93
11.01.2016;93
11.01.2016;100
11.01.2016;100
11.01.2016;100
10.01.2016;100
10.01.2016;100
10.01.2016;100
10.01.2016;100
10.01.2016;100
10.01.2016;100
10.01.2016;100
10.01.2016;93
09.01.2016;75
09.01.2016;40
09.01.2016;60
09.01.2016;40
09.01.2016;25
09.01.2016;40
09.01.2016;25
09.01.2016;25
08.01.2016;25
08.01.2016;60
08.01.2016;75
08.01.2016;0
08.01.2016;40
08.01.2016;100
08.01.2016;100
07.01.2016;100
07.01.2016;100
07.01.2016;93
06.01.2016;100
06.01.2016;100
06.01.2016;93
06.01.2016;75
06.01.2016;75
06.01.2016;93
06.01.2016;93
05.01.2016;100
05.01.2016;100
05.01.2016;100
05.01.2016;100
05.01.2016;100
05.01.2016;100
05.01.2016;100
04.01.2016;100
04.01.2016;75
04.01.2016;93
04.01.2016;60
04.01.2016;40
04.01.2016;0
04.01.2016;0
04.01.2016;100
03.01.2016;100
03.01.2016;100
03.01.2016;100
03.01.2016;93
03.01.2016;93
03.01.2016;60
03.01.2016;0
02.01.2016;25
02.01.2016;75
02.01.2016;93
02.01.2016;75
02.01.2016;100
02.01.2016;100
02.01.2016;100
02.01.2016;93
01.01.2016;93
01.01.2016;93
01.01.2016;0
01.01.2016;0
01.01.2016;0
01.01.2016;0
01.01.2016;0
31.12.2015;0
31.12.2015;0
31.12.2015;0
31.12.2015;0
31.12.2015;0
31.12.2015;0
31.12.2015;0
31.12.2015;0
30.12.2015;0
30.12.2015;0
30.12.2015;25
30.12.2015;25
30.12.2015;100
30.12.2015;40
30.12.2015;0
29.12.2015;0
29.12.2015;0
29.12.2015;25
29.12.2015;75
29.12.2015;100
29.12.2015;100
29.12.2015;93
28.12.2015;100
28.12.2015;93
28.12.2015;75
28.12.2015;75
28.12.2015;93
28.12.2015;40
28.12.2015;40
28.12.2015;25
27.12.2015;60
27.12.2015;60
27.12.2015;60
27.12.2015;50
27.12.2015;40
27.12.2015;60
27.12.2015;60
27.12.2015;25
26.12.2015;75
26.12.2015;25
26.12.2015;75
26.12.2015;25
26.12.2015;40
26.12.2015;75
26.12.2015;75
26.12.2015;40
25.12.2015;60
25.12.2015;75
25.12.2015;75
25.12.2015;40
25.12.2015;25
25.12.2015;100
25.12.2015;100
25.12.2015;100
24.12.2015;75
24.12.2015;60
24.12.2015;25
24.12.2015;25
24.12.2015;25
24.12.2015;25
24.12.2015;93
23.12.2015;0
23.12.2015;0
23.12.2015;25
23.12.2015;60
23.12.2015;75
23.12.2015;60
23.12.2015;93
23.12.2015;100
22.12.2015;100
22.12.2015;40
22.12.2015;40
22.12.2015;25
22.12.2015;60
22.12.2015;25
22.12.2015;25
22.12.2015;60
21.12.2015;0
21.12.2015;0
21.12.2015;25
21.12.2015;0
21.12.2015;0
21.12.2015;0
21.12.2015;0
21.12.2015;0
20.12.2015;25
20.12.2015;40
20.12.2015;60
20.12.2015;60
20.12.2015;40
20.12.2015;0
20.12.2015;0
20.12.2015;0
19.12.2015;40
19.12.2015;100
19.12.2015;40
19.12.2015;93
19.12.2015;75
19.12.2015;100
19.12.2015;100
19.12.2015;100
18.12.2015;100
18.12.2015;100
18.12.2015;100
18.12.2015;100
18.12.2015;100
18.12.2015;100
18.12.2015;100
18.12.2015;100
17.12.2015;93
17.12.2015;40
17.12.2015;100
17.12.2015;100
17.12.2015;100
17.12.2015;100
17.12.2015;100
17.12.2015;93
16.12.2015;93
16.12.2015;100
16.12.2015;100
16.12.2015;100
16.12.2015;100
16.12.2015;100
16.12.2015;100
16.12.2015;100
15.12.2015;100
15.12.2015;100
15.12.2015;93
15.12.2015;75
15.12.2015;60
15.12.2015;75
15.12.2015;60
15.12.2015;75
14.12.2015;0
14.12.2015;60
14.12.2015;93
14.12.2015;93
14.12.2015;100
14.12.2015;75
14.12.2015;93
14.12.2015;75
13.12.2015;100
13.12.2015;93
13.12.2015;93
13.12.2015;100
13.12.2015;93
13.12.2015;93
13.12.2015;0
13.12.2015;75
12.12.2015;40
12.12.2015;0
12.12.2015;93
12.12.2015;75
12.12.2015;93
12.12.2015;75
12.12.2015;25
12.12.2015;0
11.12.2015;0
11.12.2015;0
11.12.2015;0
11.12.2015;0
11.12.2015;93
11.12.2015;60
11.12.2015;100
11.12.2015;100
10.12.2015;100
10.12.2015;100
10.12.2015;100
10.12.2015;100
10.12.2015;100
10.12.2015;100
10.12.2015;100
10.12.2015;100
09.12.2015;100
09.12.2015;100
09.12.2015;100
09.12.2015;100
09.12.2015;100
09.12.2015;100
09.12.2015;100
09.12.2015;100
08.12.2015;100
08.12.2015;100
08.12.2015;75
08.12.2015;75
08.12.2015;100
08.12.2015;50
08.12.2015;75
08.12.2015;93
07.12.2015;93
07.12.2015;75
07.12.2015;75
07.12.2015;25
07.12.2015;25
07.12.2015;50
07.12.2015;0
07.12.2015;0
06.12.2015;25
06.12.2015;40
06.12.2015;75
06.12.2015;75
06.12.2015;60
06.12.2015;60
06.12.2015;40
06.12.2015;75
05.12.2015;75
05.12.2015;40
05.12.2015;25
05.12.2015;40
05.12.2015;60
05.12.2015;75
05.12.2015;75
05.12.2015;40
04.12.2015;0
04.12.2015;0
04.12.2015;75
04.12.2015;75
04.12.2015;93
04.12.2015;93
04.12.2015;93
04.12.2015;100
03.12.2015;100
03.12.2015;100
03.12.2015;93
03.12.2015;100
03.12.2015;100
03.12.2015;100
03.12.2015;93
03.12.2015;93
02.12.2015;75
02.12.2015;75
02.12.2015;75
02.12.2015;75
02.12.2015;93
02.12.2015;75
02.12.2015;75
02.12.2015;100
01.12.2015;100
01.12.2015;25
01.12.2015;50
01.12.2015;60
01.12.2015;93
01.12.2015;93
01.12.2015;93
01.12.2015;25
30.11.2015;50
30.11.2015;40
30.11.2015;75
30.11.2015;75
30.11.2015;93
30.11.2015;75
30.11.2015;75
30.11.2015;75
29.11.2015;60
29.11.2015;0
29.11.2015;60
29.11.2015;93
29.11.2015;100
29.11.2015;100
29.11.2015;100
29.11.2015;100
28.11.2015;100
28.11.2015;100
28.11.2015;100
28.11.2015;100
28.11.2015;100
28.11.2015;100
28.11.2015;100
28.11.2015;100
27.11.2015;100
27.11.2015;100
27.11.2015;100
27.11.2015;100
27.11.2015;100
27.11.2015;100
27.11.2015;100
27.11.2015;100
26.11.2015;100
26.11.2015;100
26.11.2015;100
26.11.2015;100
26.11.2015;100
26.11.2015;100
26.11.2015;100
26.11.2015;100
25.11.2015;100
25.11.2015;100
25.11.2015;100
25.11.2015;100
25.11.2015;100
25.11.2015;100
25.11.2015;75
25.11.2015;93
24.11.2015;75
24.11.2015;100
24.11.2015;93
24.11.2015;50
24.11.2015;25
24.11.2015;60
24.11.2015;100
24.11.2015;100
23.11.2015;60
23.11.2015;75
23.11.2015;100
23.11.2015;100
23.11.2015;100
23.11.2015;100
23.11.2015;100
23.11.2015;100
22.11.2015;100
22.11.2015;100
22.11.2015;100
22.11.2015;100
22.11.2015;100
22.11.2015;100
22.11.2015;100
21.11.2015;100
21.11.2015;100
21.11.2015;100
21.11.2015;100
21.11.2015;100
21.11.2015;100
20.11.2015;100
20.11.2015;100
20.11.2015;100
20.11.2015;100
20.11.2015;100
20.11.2015;93
20.11.2015;93
20.11.2015;93
19.11.2015;100
19.11.2015;93
19.11.2015;100
19.11.2015;93
19.11.2015;60
19.11.2015;60
19.11.2015;75
19.11.2015;93
18.11.2015;75
18.11.2015;93
18.11.2015;93
18.11.2015;93
18.11.2015;93
18.11.2015;93
18.11.2015;100
18.11.2015;100
17.11.2015;100
17.11.2015;100
17.11.2015;100
17.11.2015;93
17.11.2015;93
17.11.2015;93
17.11.2015;100
17.11.2015;60
16.11.2015;93
16.11.2015;93
16.11.2015;93
16.11.2015;93
16.11.2015;100
16.11.2015;100
16.11.2015;100
16.11.2015;100
15.11.2015;100
15.11.2015;100
15.11.2015;100
15.11.2015;100
15.11.2015;93
15.11.2015;75
15.11.2015;75
15.11.2015;60
14.11.2015;40
14.11.2015;25
14.11.2015;60
14.11.2015;93
14.11.2015;100
14.11.2015;75
14.11.2015;75
13.11.2015;75
13.11.2015;60
13.11.2015;75
13.11.2015;75
13.11.2015;50
13.11.2015;60
13.11.2015;75
13.11.2015;75
12.11.2015;75
12.11.2015;93
12.11.2015;93
12.11.2015;60
12.11.2015;75
12.11.2015;75
12.11.2015;75
12.11.2015;75
11.11.2015;75
11.11.2015;75
11.11.2015;93
11.11.2015;75
11.11.2015;93
11.11.2015;93
11.11.2015;100
11.11.2015;100
10.11.2015;100
10.11.2015;100
10.11.2015;100
10.11.2015;100
10.11.2015;100
10.11.2015;100
10.11.2015;100
10.11.2015;75
09.11.2015;100
09.11.2015;100
09.11.2015;93
09.11.2015;75
09.11.2015;60
09.11.2015;0
08.11.2015;0
08.11.2015;0
08.11.2015;25
08.11.2015;60
08.11.2015;75
08.11.2015;93
08.11.2015;93
08.11.2015;93
07.11.2015;93
07.11.2015;93
07.11.2015;93
07.11.2015;93
07.11.2015;100
07.11.2015;100
07.11.2015;100
07.11.2015;100
06.11.2015;100
06.11.2015;100
06.11.2015;100
06.11.2015;100
06.11.2015;100
06.11.2015;100
06.11.2015;100
06.11.2015;100
05.11.2015;100
05.11.2015;25
05.11.2015;0
05.11.2015;0
05.11.2015;25
05.11.2015;0
05.11.2015;0
05.11.2015;0
04.11.2015;25
04.11.2015;40
04.11.2015;60
04.11.2015;50
04.11.2015;40
04.11.2015;40
04.11.2015;0
04.11.2015;0
03.11.2015;0
03.11.2015;0
03.11.2015;25
03.11.2015;25
03.11.2015;40
03.11.2015;40
03.11.2015;0
03.11.2015;0
02.11.2015;0
02.11.2015;0
02.11.2015;75
02.11.2015;75
02.11.2015;75
02.11.2015;75
02.11.2015;25
02.11.2015;40
01.11.2015;25
01.11.2015;25
01.11.2015;40
01.11.2015;40
01.11.2015;40
01.11.2015;0
01.11.2015;0
01.11.2015;0
31.10.2015;0
31.10.2015;0
31.10.2015;40
31.10.2015;60
31.10.2015;75
31.10.2015;100
31.10.2015;100
31.10.2015;100
30.10.2015;100
30.10.2015;93
30.10.2015;60
30.10.2015;75
30.10.2015;100
30.10.2015;93
30.10.2015;93
30.10.2015;75
29.10.2015;60
29.10.2015;93
29.10.2015;75
29.10.2015;75
29.10.2015;75
29.10.2015;40
29.10.2015;0
29.10.2015;0
28.10.2015;0
28.10.2015;0
28.10.2015;25
28.10.2015;25
28.10.2015;25
28.10.2015;0
28.10.2015;0
28.10.2015;0
27.10.2015;0
27.10.2015;0
27.10.2015;0
27.10.2015;40
27.10.2015;40
27.10.2015;40
27.10.2015;40
27.10.2015;60
26.10.2015;60
26.10.2015;75
26.10.2015;75
26.10.2015;93
26.10.2015;75
26.10.2015;100
26.10.2015;100
26.10.2015;100
25.10.2015;93
25.10.2015;60
25.10.2015;40
25.10.2015;50
25.10.2015;6
25.10.2015;50
25.10.2015;40
24.10.2015;75
24.10.2015;75
24.10.2015;75
24.10.2015;93
24.10.2015;93
24.10.2015;100
24.10.2015;100
24.10.2015;100
23.10.2015;100
23.10.2015;100
23.10.2015;93
23.10.2015;50
23.10.2015;75
23.10.2015;40
23.10.2015;75
22.10.2015;75
22.10.2015;93
22.10.2015;93
22.10.2015;93
22.10.2015;75
22.10.2015;100
22.10.2015;75
21.10.2015;93
21.10.2015;100
21.10.2015;100
21.10.2015;100
20.10.2015;100
20.10.2015;100
20.10.2015;100
20.10.2015;100
20.10.2015;100
20.10.2015;100
19.10.2015;100
19.10.2015;100
19.10.2015;93
19.10.2015;75
19.10.2015;93
19.10.2015;93
18.10.2015;93
18.10.2015;100
18.10.2015;100
18.10.2015;100
18.10.2015;100
17.10.2015;60
17.10.2015;100
17.10.2015;100
17.10.2015;100
17.10.2015;100
16.10.2015;100
16.10.2015;100
16.10.2015;93
16.10.2015;100
16.10.2015;93
16.10.2015;75
16.10.2015;75
15.10.2015;100
15.10.2015;93
15.10.2015;93
15.10.2015;100
15.10.2015;93
15.10.2015;75
15.10.2015;75
14.10.2015;100
14.10.2015;93
14.10.2015;100
14.10.2015;100
14.10.2015;100
14.10.2015;100
13.10.2015;100
13.10.2015;100
13.10.2015;100
13.10.2015;100
13.10.2015;100
13.10.2015;100
13.10.2015;100
13.10.2015;100
12.10.2015;100
12.10.2015;100
12.10.2015;100
12.10.2015;100
12.10.2015;100
12.10.2015;100
12.10.2015;100
12.10.2015;100
11.10.2015;100
11.10.2015;100
11.10.2015;100
11.10.2015;100
11.10.2015;100
11.10.2015;100
11.10.2015;100
11.10.2015;100
10.10.2015;100
10.10.2015;100
10.10.2015;100
10.10.2015;93
10.10.2015;93
10.10.2015;75
10.10.2015;25
10.10.2015;60
09.10.2015;60
09.10.2015;75
09.10.2015;60
09.10.2015;75
09.10.2015;60
09.10.2015;93
09.10.2015;75
09.10.2015;75
08.10.2015;75
08.10.2015;93
08.10.2015;93
08.10.2015;75
08.10.2015;75
08.10.2015;75
08.10.2015;50
08.10.2015;25
07.10.2015;25
07.10.2015;25
07.10.2015;75
07.10.2015;75
07.10.2015;100
07.10.2015;100
07.10.2015;100
07.10.2015;93
06.10.2015;75
06.10.2015;60
06.10.2015;75
06.10.2015;75
06.10.2015;93
06.10.2015;93
06.10.2015;93
06.10.2015;75
05.10.2015;60
05.10.2015;75
05.10.2015;75
05.10.2015;75
05.10.2015;93
05.10.2015;93
05.10.2015;75
05.10.2015;40
04.10.2015;25
04.10.2015;50
04.10.2015;40
04.10.2015;25
04.10.2015;0
04.10.2015;0
04.10.2015;0
04.10.2015;25
03.10.2015;0
03.10.2015;0
03.10.2015;75
03.10.2015;75
03.10.2015;60
03.10.2015;40
03.10.2015;0
03.10.2015;0
02.10.2015;0
02.10.2015;0
02.10.2015;25
02.10.2015;0
02.10.2015;25
02.10.2015;25
02.10.2015;0
02.10.2015;0
01.10.2015;0
01.10.2015;0
01.10.2015;25
01.10.2015;75
01.10.2015;75
01.10.2015;75
01.10.2015;93
01.10.2015;60
30.09.2015;40
30.09.2015;75
30.09.2015;93
30.09.2015;93
30.09.2015;93
30.09.2015;93
30.09.2015;100
29.09.2015;93
29.09.2015;93
29.09.2015;93
29.09.2015;93
29.09.2015;93
29.09.2015;93
29.09.2015;75
28.09.2015;60
28.09.2015;93
28.09.2015;93
28.09.2015;100
28.09.2015;100
28.09.2015;100
28.09.2015;100
27.09.2015;100
27.09.2015;100
27.09.2015;100
27.09.2015;100
27.09.2015;100
27.09.2015;93
27.09.2015;93
27.09.2015;93
26.09.2015;100
26.09.2015;100
26.09.2015;100
26.09.2015;100
26.09.2015;100
26.09.2015;100
26.09.2015;100
26.09.2015;100
25.09.2015;100
25.09.2015;93
25.09.2015;100
25.09.2015;93
25.09.2015;100
25.09.2015;100
25.09.2015;100
25.09.2015;93
24.09.2015;100
24.09.2015;75
24.09.2015;75
24.09.2015;60
24.09.2015;75
24.09.2015;60
24.09.2015;0
24.09.2015;40
23.09.2015;75
23.09.2015;60
23.09.2015;60
23.09.2015;75
23.09.2015;40
23.09.2015;40
23.09.2015;0
23.09.2015;0
22.09.2015;0
22.09.2015;40
22.09.2015;40
22.09.2015;40
22.09.2015;75
22.09.2015;75
22.09.2015;100
22.09.2015;93
21.09.2015;75
21.09.2015;100
21.09.2015;93
21.09.2015;100
21.09.2015;100
21.09.2015;100
21.09.2015;93
20.09.2015;100
20.09.2015;100
20.09.2015;100
20.09.2015;93
20.09.2015;0
20.09.2015;40
19.09.2015;60
19.09.2015;40
19.09.2015;0
19.09.2015;0
19.09.2015;0
19.09.2015;40
19.09.2015;0
19.09.2015;0
18.09.2015;0
18.09.2015;40
18.09.2015;25
18.09.2015;0
18.09.2015;0
18.09.2015;60
18.09.2015;25
18.09.2015;40
17.09.2015;40
17.09.2015;25
17.09.2015;50
17.09.2015;50
17.09.2015;75
17.09.2015;75
17.09.2015;60
17.09.2015;50
16.09.2015;50
16.09.2015;60
16.09.2015;50
16.09.2015;75
16.09.2015;75
16.09.2015;60
16.09.2015;40
16.09.2015;25
15.09.2015;25
15.09.2015;40
15.09.2015;40
15.09.2015;75
15.09.2015;93
15.09.2015;93
15.09.2015;75
15.09.2015;40
14.09.2015;0
14.09.2015;40
14.09.2015;25
14.09.2015;75
14.09.2015;100
14.09.2015;100
14.09.2015;75
14.09.2015;0
13.09.2015;100
13.09.2015;75
13.09.2015;75
13.09.2015;93
13.09.2015;100
13.09.2015;100
13.09.2015;100
13.09.2015;100
12.09.2015;100
12.09.2015;100
12.09.2015;100
12.09.2015;93
12.09.2015;93
11.09.2015;93
11.09.2015;93
11.09.2015;93
11.09.2015;93
11.09.2015;93
11.09.2015;75
11.09.2015;40
11.09.2015;0
10.09.2015;0
10.09.2015;93
10.09.2015;93
10.09.2015;93
10.09.2015;75
10.09.2015;75
10.09.2015;100
10.09.2015;93
09.09.2015;75
09.09.2015;60
09.09.2015;93
09.09.2015;75
09.09.2015;75
09.09.2015;75
09.09.2015;60
09.09.2015;75
08.09.2015;75
08.09.2015;75
08.09.2015;75
08.09.2015;93
08.09.2015;93
08.09.2015;75
08.09.2015;93
08.09.2015;0
07.09.2015;50
07.09.2015;75
07.09.2015;40
07.09.2015;75
07.09.2015;75
07.09.2015;50
07.09.2015;40
07.09.2015;75
06.09.2015;60
06.09.2015;100
06.09.2015;93
06.09.2015;93
06.09.2015;100
06.09.2015;100
06.09.2015;100
06.09.2015;100
05.09.2015;100
05.09.2015;100
05.09.2015;100
05.09.2015;100
05.09.2015;100
05.09.2015;100
05.09.2015;93
05.09.2015;75
04.09.2015;40
04.09.2015;60
04.09.2015;60
04.09.2015;60
04.09.2015;93
04.09.2015;100
04.09.2015;100
04.09.2015;100
03.09.2015;100
03.09.2015;100
03.09.2015;93
03.09.2015;93
03.09.2015;93
03.09.2015;93
03.09.2015;100
02.09.2015;25
02.09.2015;40
02.09.2015;75
02.09.2015;60
02.09.2015;25
02.09.2015;25
02.09.2015;25
02.09.2015;0
01.09.2015;0
01.09.2015;0
01.09.2015;25
01.09.2015;60
01.09.2015;0
01.09.2015;0
01.09.2015;0
01.09.2015;0
31.08.2015;0
31.08.2015;0
31.08.2015;25
31.08.2015;25
31.08.2015;0
31.08.2015;0
31.08.2015;0
31.08.2015;0
30.08.2015;0
30.08.2015;60
30.08.2015;25
30.08.2015;0
30.08.2015;25
30.08.2015;75
30.08.2015;93
30.08.2015;93
29.08.2015;75
29.08.2015;25
29.08.2015;60
29.08.2015;50
29.08.2015;75
29.08.2015;0
29.08.2015;0
29.08.2015;40
28.08.2015;75
28.08.2015;75
28.08.2015;40
28.08.2015;40
28.08.2015;40
28.08.2015;40
28.08.2015;40
28.08.2015;25
27.08.2015;40
27.08.2015;60
27.08.2015;75
27.08.2015;75
27.08.2015;75
27.08.2015;93
27.08.2015;75
27.08.2015;93
26.08.2015;93
26.08.2015;93
26.08.2015;100
26.08.2015;100
26.08.2015;100
26.08.2015;100
26.08.2015;93
26.08.2015;93
25.08.2015;75
25.08.2015;75
25.08.2015;75
25.08.2015;75
25.08.2015;25
25.08.2015;0
25.08.2015;0
25.08.2015;0
24.08.2015;0
24.08.2015;40
24.08.2015;40
24.08.2015;60
24.08.2015;40
24.08.2015;25
24.08.2015;0
24.08.2015;0
23.08.2015;25
23.08.2015;60
23.08.2015;75
23.08.2015;75
23.08.2015;75
23.08.2015;40
23.08.2015;25
23.08.2015;0
22.08.2015;25
22.08.2015;60
22.08.2015;60
22.08.2015;93
22.08.2015;40
22.08.2015;50
22.08.2015;25
22.08.2015;0
21.08.2015;25
21.08.2015;60
21.08.2015;75
21.08.2015;75
21.08.2015;40
21.08.2015;40
21.08.2015;75
21.08.2015;93
20.08.2015;75
20.08.2015;93
20.08.2015;93
20.08.2015;75
20.08.2015;75
20.08.2015;60
20.08.2015;40
20.08.2015;0
19.08.2015;0
19.08.2015;93
19.08.2015;93
19.08.2015;75
19.08.2015;60
19.08.2015;40
19.08.2015;60
19.08.2015;40
18.08.2015;40
18.08.2015;60
18.08.2015;60
18.08.2015;93
18.08.2015;100
18.08.2015;100
18.08.2015;100
18.08.2015;100
17.08.2015;93
17.08.2015;93
17.08.2015;93
17.08.2015;60
17.08.2015;75
17.08.2015;60
17.08.2015;40
16.08.2015;60
16.08.2015;93
16.08.2015;93
16.08.2015;40
16.08.2015;25
16.08.2015;0
15.08.2015;0
15.08.2015;75
15.08.2015;60
15.08.2015;40
15.08.2015;0
15.08.2015;0
15.08.2015;0
15.08.2015;25
14.08.2015;25
14.08.2015;25
14.08.2015;60
14.08.2015;60
14.08.2015;75
14.08.2015;75
14.08.2015;60
14.08.2015;0
13.08.2015;40
13.08.2015;75
13.08.2015;25
13.08.2015;40
13.08.2015;0
13.08.2015;40
13.08.2015;40
13.08.2015;60
12.08.2015;93
12.08.2015;75
12.08.2015;25
12.08.2015;25
12.08.2015;0
12.08.2015;0
12.08.2015;0
11.08.2015;0
11.08.2015;0
11.08.2015;0
11.08.2015;0
11.08.2015;0
11.08.2015;0
11.08.2015;0
11.08.2015;25
10.08.2015;0
10.08.2015;0
10.08.2015;0
10.08.2015;0
10.08.2015;0
10.08.2015;0
10.08.2015;0
10.08.2015;0
09.08.2015;0
09.08.2015;0
09.08.2015;0
09.08.2015;0
09.08.2015;0
09.08.2015;0
09.08.2015;0
09.08.2015;0
08.08.2015;0
08.08.2015;0
08.08.2015;0
08.08.2015;0
08.08.2015;0
08.08.2015;0
08.08.2015;0
08.08.2015;0
07.08.2015;0
07.08.2015;25
07.08.2015;25
07.08.2015;25
07.08.2015;60
07.08.2015;25
07.08.2015;0
06.08.2015;60
06.08.2015;75
06.08.2015;75
06.08.2015;40
06.08.2015;60
06.08.2015;40
06.08.2015;0
05.08.2015;40
05.08.2015;75
05.08.2015;93
05.08.2015;60
05.08.2015;60
05.08.2015;75
05.08.2015;40
05.08.2015;40
04.08.2015;75
04.08.2015;75
04.08.2015;75
04.08.2015;60
04.08.2015;40
04.08.2015;25
04.08.2015;0
04.08.2015;0
03.08.2015;0
03.08.2015;40
03.08.2015;75
03.08.2015;60
03.08.2015;40
03.08.2015;40
03.08.2015;75
03.08.2015;60
02.08.2015;60
02.08.2015;75
02.08.2015;50
02.08.2015;50
02.08.2015;40
02.08.2015;40
02.08.2015;40
02.08.2015;0
01.08.2015;0
01.08.2015;40
01.08.2015;25
01.08.2015;40
01.08.2015;40
01.08.2015;0
01.08.2015;0
01.08.2015;25
31.07.2015;25
31.07.2015;93
31.07.2015;93
31.07.2015;93
31.07.2015;75
31.07.2015;75
31.07.2015;60
31.07.2015;40
30.07.2015;75
30.07.2015;75
30.07.2015;93
30.07.2015;93
30.07.2015;93
30.07.2015;93
30.07.2015;60
30.07.2015;40
29.07.2015;75
29.07.2015;93
29.07.2015;93
29.07.2015;93
29.07.2015;93
29.07.2015;93
29.07.2015;93
29.07.2015;40
28.07.2015;25
28.07.2015;60
28.07.2015;75
28.07.2015;75
28.07.2015;60
28.07.2015;60
28.07.2015;93
28.07.2015;93
27.07.2015;75
27.07.2015;93
27.07.2015;75
27.07.2015;75
27.07.2015;75
27.07.2015;75
27.07.2015;93
27.07.2015;50
26.07.2015;100
26.07.2015;93
26.07.2015;40
26.07.2015;0
25.07.2015;25
25.07.2015;25
25.07.2015;0
25.07.2015;40
25.07.2015;60
25.07.2015;0
24.07.2015;60
24.07.2015;60
24.07.2015;75
24.07.2015;93
24.07.2015;100
24.07.2015;75
24.07.2015;60
24.07.2015;75
23.07.2015;100
23.07.2015;75
23.07.2015;60
23.07.2015;25
23.07.2015;25
23.07.2015;25
23.07.2015;25
23.07.2015;0
22.07.2015;25
22.07.2015;25
22.07.2015;25
22.07.2015;93
22.07.2015;25
22.07.2015;0
21.07.2015;0
21.07.2015;0
21.07.2015;0
21.07.2015;0
21.07.2015;6
21.07.2015;0
21.07.2015;0
21.07.2015;0
20.07.2015;0
20.07.2015;40
20.07.2015;93
20.07.2015;93
20.07.2015;100
20.07.2015;100
20.07.2015;75
20.07.2015;0
19.07.2015;0
19.07.2015;75
19.07.2015;40
19.07.2015;40
19.07.2015;40
19.07.2015;0
18.07.2015;0
18.07.2015;75
18.07.2015;25
18.07.2015;0
18.07.2015;25
18.07.2015;60
17.07.2015;60
17.07.2015;75
17.07.2015;75
17.07.2015;93
17.07.2015;40
17.07.2015;60
17.07.2015;40
16.07.2015;25
16.07.2015;25
16.07.2015;25
16.07.2015;60
16.07.2015;40
16.07.2015;25
16.07.2015;40
15.07.2015;40
15.07.2015;75
15.07.2015;75
15.07.2015;100
15.07.2015;100
15.07.2015;93
15.07.2015;60
14.07.2015;100
14.07.2015;93
14.07.2015;75
14.07.2015;75
14.07.2015;75
14.07.2015;93
14.07.2015;93
14.07.2015;100
13.07.2015;100
13.07.2015;75
13.07.2015;100
13.07.2015;93
13.07.2015;100
13.07.2015;100
13.07.2015;25
12.07.2015;25
12.07.2015;25
12.07.2015;25
12.07.2015;40
12.07.2015;60
12.07.2015;40
12.07.2015;0
12.07.2015;0
11.07.2015;40
11.07.2015;75
11.07.2015;75
11.07.2015;93
11.07.2015;93
11.07.2015;60
11.07.2015;0
11.07.2015;0
10.07.2015;75
10.07.2015;93
10.07.2015;75
10.07.2015;60
10.07.2015;75
10.07.2015;40
10.07.2015;75
10.07.2015;100
09.07.2015;75
09.07.2015;100
09.07.2015;100
09.07.2015;93
09.07.2015;93
09.07.2015;40
08.07.2015;75
08.07.2015;60
08.07.2015;60
08.07.2015;60
08.07.2015;40
08.07.2015;0
07.07.2015;0
07.07.2015;60
07.07.2015;60
07.07.2015;75
07.07.2015;75
07.07.2015;75
07.07.2015;75
07.07.2015;75
06.07.2015;75
06.07.2015;75
06.07.2015;0
06.07.2015;0
06.07.2015;0
06.07.2015;0
06.07.2015;0
06.07.2015;25
05.07.2015;40
05.07.2015;25
05.07.2015;0
05.07.2015;25
05.07.2015;25
05.07.2015;25
05.07.2015;40
05.07.2015;50
04.07.2015;40
04.07.2015;75
04.07.2015;75
04.07.2015;75
04.07.2015;60
04.07.2015;40
04.07.2015;0
03.07.2015;25
03.07.2015;60
03.07.2015;60
03.07.2015;75
03.07.2015;40
03.07.2015;25
03.07.2015;25
03.07.2015;0
02.07.2015;25
02.07.2015;60
02.07.2015;75
02.07.2015;75
02.07.2015;75
01.07.2015;75
01.07.2015;60
01.07.2015;60
01.07.2015;60
01.07.2015;60
01.07.2015;75
30.06.2015;100
30.06.2015;100
30.06.2015;93
30.06.2015;93
30.06.2015;93
30.06.2015;100
30.06.2015;100
29.06.2015;93
29.06.2015;75
29.06.2015;75
29.06.2015;50
29.06.2015;60
28.06.2015;75
28.06.2015;40
28.06.2015;60
28.06.2015;93
28.06.2015;93
28.06.2015;100
28.06.2015;100
28.06.2015;93
27.06.2015;93
27.06.2015;93
27.06.2015;93
27.06.2015;60
27.06.2015;0
27.06.2015;40
27.06.2015;0
26.06.2015;25
26.06.2015;25
26.06.2015;40
26.06.2015;93
26.06.2015;75
26.06.2015;100
26.06.2015;100
26.06.2015;75
25.06.2015;93
25.06.2015;100
25.06.2015;93
25.06.2015;93
25.06.2015;100
25.06.2015;100
25.06.2015;100
25.06.2015;100
24.06.2015;100
24.06.2015;100
24.06.2015;100
24.06.2015;100
24.06.2015;100
24.06.2015;75
23.06.2015;75
23.06.2015;93
23.06.2015;93
23.06.2015;75
23.06.2015;75
23.06.2015;75
23.06.2015;40
23.06.2015;0
22.06.2015;40
22.06.2015;40
22.06.2015;75
22.06.2015;25
22.06.2015;75
22.06.2015;93
21.06.2015;93
21.06.2015;75
21.06.2015;75
21.06.2015;75
21.06.2015;75
21.06.2015;75
21.06.2015;60
21.06.2015;0
20.06.2015;40
20.06.2015;100
20.06.2015;100
20.06.2015;100
20.06.2015;100
20.06.2015;100
20.06.2015;100
20.06.2015;100
19.06.2015;100
19.06.2015;100
19.06.2015;93
19.06.2015;75
19.06.2015;75
19.06.2015;75
19.06.2015;50
19.06.2015;0
18.06.2015;75
18.06.2015;75
18.06.2015;75
18.06.2015;75
18.06.2015;40
18.06.2015;25
18.06.2015;75
18.06.2015;75
17.06.2015;40
17.06.2015;93
17.06.2015;93
17.06.2015;100
17.06.2015;100
17.06.2015;100
17.06.2015;100
16.06.2015;93
16.06.2015;100
16.06.2015;100
16.06.2015;100
16.06.2015;100
16.06.2015;100
16.06.2015;100
16.06.2015;100
15.06.2015;75
15.06.2015;75
15.06.2015;93
15.06.2015;75
15.06.2015;75
15.06.2015;60
15.06.2015;60
15.06.2015;75
14.06.2015;60
14.06.2015;75
14.06.2015;60
14.06.2015;75
14.06.2015;60
14.06.2015;100
14.06.2015;75
14.06.2015;100
13.06.2015;75
13.06.2015;75
13.06.2015;75
13.06.2015;25
13.06.2015;25
13.06.2015;0
13.06.2015;0
12.06.2015;0
12.06.2015;25
12.06.2015;40
12.06.2015;25
12.06.2015;60
12.06.2015;40
11.06.2015;60
11.06.2015;60
11.06.2015;75
11.06.2015;60
11.06.2015;60
11.06.2015;60
11.06.2015;75
10.06.2015;75
10.06.2015;75
10.06.2015;60
10.06.2015;60
10.06.2015;60
10.06.2015;60
10.06.2015;60
10.06.2015;60
09.06.2015;40
09.06.2015;75
09.06.2015;75
09.06.2015;25
09.06.2015;25
09.06.2015;25
09.06.2015;25
08.06.2015;25
08.06.2015;75
08.06.2015;75
08.06.2015;25
08.06.2015;25
08.06.2015;25
08.06.2015;25
08.06.2015;0
07.06.2015;0
07.06.2015;25
07.06.2015;25
07.06.2015;40
07.06.2015;40
07.06.2015;25
07.06.2015;25
07.06.2015;40
06.06.2015;40
06.06.2015;40
06.06.2015;25
06.06.2015;25
06.06.2015;0
06.06.2015;0
06.06.2015;0
06.06.2015;0
05.06.2015;0
05.06.2015;0
05.06.2015;0
05.06.2015;25
05.06.2015;25
05.06.2015;0
05.06.2015;25
05.06.2015;60
04.06.2015;75
04.06.2015;75
04.06.2015;75
04.06.2015;100
04.06.2015;50
04.06.2015;40
03.06.2015;25
03.06.2015;40
03.06.2015;60
03.06.2015;0
03.06.2015;0
03.06.2015;0
02.06.2015;0
02.06.2015;60
02.06.2015;60
02.06.2015;75
02.06.2015;40
02.06.2015;40
02.06.2015;25
01.06.2015;40
01.06.2015;60
01.06.2015;75
01.06.2015;60
01.06.2015;60
01.06.2015;40
01.06.2015;40
31.05.2015;40
31.05.2015;60
31.05.2015;100
31.05.2015;25
31.05.2015;40
31.05.2015;25
30.05.2015;25
30.05.2015;40
30.05.2015;40
30.05.2015;25
30.05.2015;40
30.05.2015;25
30.05.2015;25
29.05.2015;0
29.05.2015;25
29.05.2015;25
29.05.2015;40
29.05.2015;75
29.05.2015;25
29.05.2015;25
29.05.2015;0
28.05.2015;40
28.05.2015;40
28.05.2015;93
28.05.2015;100
28.05.2015;100
28.05.2015;100
28.05.2015;100
27.05.2015;100
27.05.2015;100
27.05.2015;100
27.05.2015;100
27.05.2015;100
27.05.2015;93
27.05.2015;100
27.05.2015;25
26.05.2015;100
26.05.2015;100
26.05.2015;75
26.05.2015;75
26.05.2015;100
26.05.2015;100
25.05.2015;100
25.05.2015;93
25.05.2015;93
25.05.2015;100
25.05.2015;100
25.05.2015;100
25.05.2015;100
24.05.2015;100
24.05.2015;100
24.05.2015;100
24.05.2015;100
24.05.2015;100
24.05.2015;100
24.05.2015;100
24.05.2015;100
23.05.2015;100
23.05.2015;100
23.05.2015;93
23.05.2015;93
23.05.2015;100
23.05.2015;100
23.05.2015;100
23.05.2015;100
22.05.2015;100
22.05.2015;100
22.05.2015;100
22.05.2015;100
22.05.2015;100
22.05.2015;100
22.05.2015;100
22.05.2015;93
21.05.2015;75
21.05.2015;100
21.05.2015;100
21.05.2015;93
21.05.2015;60
21.05.2015;60
21.05.2015;40
20.05.2015;40
20.05.2015;75
20.05.2015;75
20.05.2015;75
20.05.2015;75
20.05.2015;0
19.05.2015;0
19.05.2015;40
19.05.2015;40
19.05.2015;25
19.05.2015;40
19.05.2015;0
19.05.2015;25
19.05.2015;0
18.05.2015;0
18.05.2015;0
18.05.2015;40
18.05.2015;50
18.05.2015;50
18.05.2015;25
18.05.2015;40
18.05.2015;100
17.05.2015;93
17.05.2015;93
17.05.2015;93
17.05.2015;100
17.05.2015;75
17.05.2015;93
17.05.2015;75
17.05.2015;60
16.05.2015;0
16.05.2015;93
16.05.2015;25
16.05.2015;40
16.05.2015;60
16.05.2015;60
16.05.2015;60
16.05.2015;40
15.05.2015;75
15.05.2015;75
15.05.2015;75
15.05.2015;40
15.05.2015;25
15.05.2015;75
14.05.2015;93
14.05.2015;75
14.05.2015;100
14.05.2015;100
14.05.2015;100
14.05.2015;93
14.05.2015;93
14.05.2015;93
13.05.2015;60
13.05.2015;60
13.05.2015;93
13.05.2015;75
13.05.2015;93
13.05.2015;93
13.05.2015;75
13.05.2015;40
12.05.2015;40
12.05.2015;60
12.05.2015;40
12.05.2015;60
12.05.2015;40
12.05.2015;25
12.05.2015;25
12.05.2015;40
11.05.2015;60
11.05.2015;93
11.05.2015;100
11.05.2015;100
11.05.2015;100
11.05.2015;100
11.05.2015;100
11.05.2015;100
10.05.2015;100
10.05.2015;100
10.05.2015;93
10.05.2015;50
10.05.2015;93
10.05.2015;75
10.05.2015;75
09.05.2015;75
09.05.2015;75
09.05.2015;60
09.05.2015;60
09.05.2015;25
09.05.2015;25
09.05.2015;40
09.05.2015;25
08.05.2015;25
08.05.2015;75
08.05.2015;75
08.05.2015;60
08.05.2015;60
08.05.2015;25
08.05.2015;40
08.05.2015;60
07.05.2015;25
07.05.2015;25
07.05.2015;40
07.05.2015;100
07.05.2015;100
07.05.2015;100
07.05.2015;100
07.05.2015;100
06.05.2015;93
06.05.2015;75
06.05.2015;93
06.05.2015;93
06.05.2015;75
06.05.2015;100
06.05.2015;100
06.05.2015;75
05.05.2015;60
05.05.2015;93
05.05.2015;75
05.05.2015;75
05.05.2015;75
05.05.2015;75
05.05.2015;75
05.05.2015;75
04.05.2015;60
04.05.2015;60
04.05.2015;75
04.05.2015;100
04.05.2015;100
04.05.2015;75
04.05.2015;60
04.05.2015;25
03.05.2015;40
03.05.2015;60
03.05.2015;40
03.05.2015;75
03.05.2015;60
03.05.2015;75
03.05.2015;75
03.05.2015;75
02.05.2015;100
02.05.2015;100
02.05.2015;100
02.05.2015;100
02.05.2015;100
02.05.2015;100
02.05.2015;93
02.05.2015;93
01.05.2015;100
01.05.2015;93
01.05.2015;60
01.05.2015;75
01.05.2015;75
01.05.2015;75
01.05.2015;100
01.05.2015;93
30.04.2015;75
30.04.2015;60
30.04.2015;60
30.04.2015;75
30.04.2015;75
30.04.2015;75
30.04.2015;93
30.04.2015;93
29.04.2015;100
29.04.2015;100
29.04.2015;100
29.04.2015;100
29.04.2015;100
29.04.2015;100
29.04.2015;100
29.04.2015;75
28.04.2015;75
28.04.2015;93
28.04.2015;100
28.04.2015;60
28.04.2015;60
28.04.2015;60
28.04.2015;60
28.04.2015;40
27.04.2015;25
27.04.2015;40
27.04.2015;60
27.04.2015;40
27.04.2015;75
27.04.2015;75
27.04.2015;75
26.04.2015;75
26.04.2015;93
26.04.2015;40
26.04.2015;40
26.04.2015;0
25.04.2015;40
25.04.2015;60
25.04.2015;75
25.04.2015;75
25.04.2015;60
25.04.2015;40
25.04.2015;40
25.04.2015;0
24.04.2015;40
24.04.2015;40
24.04.2015;75
24.04.2015;75
24.04.2015;25
24.04.2015;0
24.04.2015;0
24.04.2015;0
23.04.2015;0
23.04.2015;0
23.04.2015;25
23.04.2015;60
23.04.2015;75
23.04.2015;0
23.04.2015;0
23.04.2015;0
22.04.2015;25
22.04.2015;25
22.04.2015;75
22.04.2015;75
22.04.2015;75
22.04.2015;60
22.04.2015;25
21.04.2015;100
21.04.2015;93
21.04.2015;93
21.04.2015;100
21.04.2015;100
21.04.2015;93
21.04.2015;75
20.04.2015;60
20.04.2015;75
20.04.2015;75
20.04.2015;100
20.04.2015;100
20.04.2015;100
20.04.2015;100
20.04.2015;75
19.04.2015;100
19.04.2015;93
19.04.2015;93
19.04.2015;100
19.04.2015;100
19.04.2015;93
19.04.2015;100
18.04.2015;40
18.04.2015;40
18.04.2015;75
18.04.2015;100
18.04.2015;93
18.04.2015;100
18.04.2015;100
18.04.2015;100
17.04.2015;100
17.04.2015;100
17.04.2015;100
17.04.2015;93
17.04.2015;93
17.04.2015;60
17.04.2015;60
16.04.2015;40
16.04.2015;75
16.04.2015;60
16.04.2015;75
16.04.2015;60
16.04.2015;40
16.04.2015;75
16.04.2015;75
15.04.2015;40
15.04.2015;75
15.04.2015;75
15.04.2015;93
15.04.2015;100
15.04.2015;100
15.04.2015;93
15.04.2015;40
14.04.2015;60
14.04.2015;75
14.04.2015;75
14.04.2015;75
14.04.2015;75
14.04.2015;40
14.04.2015;40
14.04.2015;75
13.04.2015;75
13.04.2015;100
13.04.2015;75
13.04.2015;75
13.04.2015;75
13.04.2015;75
13.04.2015;25
13.04.2015;0
12.04.2015;0
12.04.2015;40
12.04.2015;75
12.04.2015;75
12.04.2015;25
12.04.2015;25
12.04.2015;0
11.04.2015;0
11.04.2015;0
11.04.2015;0
11.04.2015;0
11.04.2015;0
11.04.2015;0
11.04.2015;0
11.04.2015;0
10.04.2015;0
10.04.2015;0
10.04.2015;6
10.04.2015;6
10.04.2015;40
10.04.2015;40
10.04.2015;40
10.04.2015;0
09.04.2015;0
09.04.2015;0
09.04.2015;0
09.04.2015;0
09.04.2015;25
09.04.2015;25
09.04.2015;93
09.04.2015;100
08.04.2015;100
08.04.2015;93
08.04.2015;93
08.04.2015;100
08.04.2015;100
08.04.2015;75
08.04.2015;93
08.04.2015;75
07.04.2015;100
07.04.2015;93
07.04.2015;100
07.04.2015;100
07.04.2015;75
07.04.2015;75
07.04.2015;93
06.04.2015;75
06.04.2015;100
06.04.2015;93
06.04.2015;100
06.04.2015;93
06.04.2015;75
06.04.2015;75
06.04.2015;60
05.04.2015;60
05.04.2015;75
05.04.2015;75
05.04.2015;75
05.04.2015;60
05.04.2015;25
05.04.2015;40
04.04.2015;40
04.04.2015;40
04.04.2015;100
04.04.2015;75
04.04.2015;100
04.04.2015;100
04.04.2015;100
03.04.2015;100
03.04.2015;75
03.04.2015;93
03.04.2015;100
03.04.2015;100
03.04.2015;100
03.04.2015;100
03.04.2015;100
02.04.2015;93
02.04.2015;93
02.04.2015;75
02.04.2015;75
02.04.2015;75
02.04.2015;75
02.04.2015;60
02.04.2015;40
01.04.2015;93
01.04.2015;100
01.04.2015;100
01.04.2015;75
01.04.2015;75
01.04.2015;40
01.04.2015;60
01.04.2015;93
31.03.2015;93
31.03.2015;93
31.03.2015;93
31.03.2015;75
31.03.2015;75
31.03.2015;100
31.03.2015;60
30.03.2015;100
30.03.2015;93
30.03.2015;75
30.03.2015;75
30.03.2015;93
30.03.2015;93
30.03.2015;93
30.03.2015;100
29.03.2015;25
29.03.2015;93
29.03.2015;93
29.03.2015;100
29.03.2015;100
29.03.2015;100
29.03.2015;100
29.03.2015;100
28.03.2015;100
28.03.2015;100
28.03.2015;100
28.03.2015;100
28.03.2015;100
28.03.2015;100
28.03.2015;100
28.03.2015;100
27.03.2015;100
27.03.2015;75
27.03.2015;75
27.03.2015;75
27.03.2015;60
27.03.2015;60
26.03.2015;75
26.03.2015;75
26.03.2015;60
26.03.2015;40
26.03.2015;40
26.03.2015;40
26.03.2015;75
26.03.2015;25
25.03.2015;40
25.03.2015;40
25.03.2015;75
25.03.2015;40
25.03.2015;40
25.03.2015;25
25.03.2015;0
25.03.2015;0
24.03.2015;0
24.03.2015;0
24.03.2015;0
24.03.2015;0
24.03.2015;0
24.03.2015;25
24.03.2015;0
24.03.2015;0
23.03.2015;0
23.03.2015;25
23.03.2015;25
23.03.2015;0
23.03.2015;25
23.03.2015;60
23.03.2015;100
23.03.2015;100
22.03.2015;100
22.03.2015;100
22.03.2015;100
22.03.2015;100
22.03.2015;100
22.03.2015;100
22.03.2015;75
22.03.2015;0
21.03.2015;0
21.03.2015;0
21.03.2015;25
21.03.2015;25
21.03.2015;0
21.03.2015;0
21.03.2015;0
21.03.2015;0
20.03.2015;0
20.03.2015;25
20.03.2015;75
20.03.2015;93
20.03.2015;100
20.03.2015;93
20.03.2015;93
20.03.2015;100
19.03.2015;100
19.03.2015;100
19.03.2015;93
19.03.2015;100
19.03.2015;100
19.03.2015;100
19.03.2015;100
19.03.2015;100
18.03.2015;100
18.03.2015;60
18.03.2015;93
18.03.2015;75
18.03.2015;93
18.03.2015;0
18.03.2015;0
18.03.2015;0
17.03.2015;0
17.03.2015;0
17.03.2015;25
17.03.2015;40
17.03.2015;75
17.03.2015;0
17.03.2015;0
17.03.2015;0
16.03.2015;0
16.03.2015;40
16.03.2015;40
16.03.2015;75
16.03.2015;93
16.03.2015;93
16.03.2015;40
16.03.2015;100
15.03.2015;100
15.03.2015;100
15.03.2015;100
15.03.2015;93
15.03.2015;100
15.03.2015;100
15.03.2015;100
15.03.2015;100
14.03.2015;100
14.03.2015;100
14.03.2015;100
13.03.2015;100
13.03.2015;100
13.03.2015;100
12.03.2015;100
12.03.2015;100
12.03.2015;100
12.03.2015;100
12.03.2015;100
12.03.2015;100
12.03.2015;100
12.03.2015;100
11.03.2015;100
11.03.2015;100
11.03.2015;93
11.03.2015;60
11.03.2015;40
11.03.2015;75
11.03.2015;40
11.03.2015;40
10.03.2015;0
10.03.2015;40
10.03.2015;40
10.03.2015;25
10.03.2015;0
10.03.2015;0
10.03.2015;0
10.03.2015;0
09.03.2015;0
09.03.2015;0
09.03.2015;0
09.03.2015;0
09.03.2015;25
09.03.2015;25
09.03.2015;25
09.03.2015;40
08.03.2015;40
08.03.2015;0
08.03.2015;40
08.03.2015;25
08.03.2015;25
08.03.2015;0
08.03.2015;0
08.03.2015;0
07.03.2015;0
07.03.2015;0
07.03.2015;0
07.03.2015;0
07.03.2015;40
07.03.2015;0
07.03.2015;25
07.03.2015;25
06.03.2015;40
06.03.2015;40
06.03.2015;93
06.03.2015;93
06.03.2015;93
06.03.2015;100
06.03.2015;93
06.03.2015;75
05.03.2015;93
05.03.2015;75
05.03.2015;75
05.03.2015;75
05.03.2015;50
05.03.2015;60
05.03.2015;25
05.03.2015;0
04.03.2015;40
04.03.2015;100
04.03.2015;93
04.03.2015;75
04.03.2015;75
04.03.2015;75
04.03.2015;0
04.03.2015;75
03.03.2015;75
03.03.2015;60
03.03.2015;93
03.03.2015;93
03.03.2015;40
03.03.2015;25
03.03.2015;75
03.03.2015;100
02.03.2015;100
02.03.2015;75
02.03.2015;75
02.03.2015;93
02.03.2015;60
02.03.2015;100
02.03.2015;100
02.03.2015;100
01.03.2015;100
01.03.2015;100
01.03.2015;100
01.03.2015;100
01.03.2015;100
01.03.2015;100