01.03.2015,7034
02.03.2015,7299
03.03.2015,7370
04.03.2015,7479
05.03.2015,7549
06.03.2015,7599
07.03.2015,7267
08.03.2015,6701
09.03.2015,7083
10.03.2015,7199
11.03.2015,7239
12.03.2015,7746
13.03.2015,7725
14.03.2015,7468
15.03.2015,6871
16.03.2015,7283
17.03.2015,7232
18.03.2015,7429
19.03.2015,7645
22.03.2015,6814
23.03.2015,7278
24.03.2015,7019
25.03.2015,6887
29.03.2015,6271
30.03.2015,5926
05.04.2015,6438
07.04.2015,7517
09.04.2015,7622
15.04.2015,6307
16.04.2015,6064
17.04.2015,6237
22.04.2015,6432
25.04.2015,6223
26.04.2015,5826
27.04.2015,6130
28.04.2015,6177
29.04.2015,6724
30.04.2015,6443
01.05.2015,6287
02.05.2015,6512
03.05.2015,5934
04.05.2015,6197
05.05.2015,5846
06.05.2015,6124
07.05.2015,6410
08.05.2015,6252
09.05.2015,6175
10.05.2015,5731
11.05.2015,6405
12.05.2015,6284
13.05.2015,6196
14.05.2015,6425
15.05.2015,6255
16.05.2015,6106
17.05.2015,5734
18.05.2015,6157
19.05.2015,6130
20.05.2015,6192
21.05.2015,5846
22.05.2015,6235
23.05.2015,6161
24.05.2015,5829
25.05.2015,6250
26.05.2015,6299
27.05.2015,6758
28.05.2015,6676
29.05.2015,6417
30.05.2015,6247
31.05.2015,5511
01.06.2015,5674
02.06.2015,6143
03.06.2015,6222
04.06.2015,6288
05.06.2015,6240
06.06.2015,6104
07.06.2015,5745
08.06.2015,6172
23.06.2015,6192
24.06.2015,6449
27.06.2015,6317
28.06.2015,5778
29.06.2015,6138
30.06.2015,6067
01.07.2015,5712
02.07.2015,5691
03.07.2015,5557
04.07.2015,5473
05.07.2015,5236
06.07.2015,5918
07.07.2015,5658
08.07.2015,6021
09.07.2015,5956
10.07.2015,5883
11.07.2015,5726
12.07.2015,5241
13.07.2015,5797
14.07.2015,5934
15.07.2015,5841
16.07.2015,5912
17.07.2015,5658
18.07.2015,5620
19.07.2015,5256
20.07.2015,5859
21.07.2015,6006
22.07.2015,6075
23.07.2015,6121
24.07.2015,5882
25.07.2015,5948
26.07.2015,5519
27.07.2015,5900
28.07.2015,5793
29.07.2015,5864
30.07.2015,5909
31.07.2015,5891
01.08.2015,5725
02.08.2015,5301
03.08.2015,5796
04.08.2015,5922
05.08.2015,5987
06.08.2015,6008
07.08.2015,6031
08.08.2015,5904
09.08.2015,5421
10.08.2015,5963
11.08.2015,5989
12.08.2015,6026
13.08.2015,6059
14.08.2015,5784
15.08.2015,5824
16.08.2015,5538
17.08.2015,5936
18.08.2015,5736
19.08.2015,5418
20.08.2015,5824
21.08.2015,5825
22.08.2015,5707
23.08.2015,5306
24.08.2015,5599
25.08.2015,5755
26.08.2015,5947
27.08.2015,6058
28.08.2015,5686
29.08.2015,5900
30.08.2015,5557
31.08.2015,6115
01.09.2015,6084
02.09.2015,6067
03.09.2015,5774
04.09.2015,5753
05.09.2015,5688
06.09.2015,5489
07.09.2015,5833
08.09.2015,5877
09.09.2015,5912
10.09.2015,5959
11.09.2015,5984
12.09.2015,5999
13.09.2015,5520
14.09.2015,5905
15.09.2015,5951
16.09.2015,5962
17.09.2015,5979
18.09.2015,6074
19.09.2015,5813
20.09.2015,5502
21.09.2015,5572
22.09.2015,5818
23.09.2015,5935
24.09.2015,5976
25.09.2015,6056
26.09.2015,6048
27.09.2015,5628
28.09.2015,6162
29.09.2015,6292
30.09.2015,6263
01.10.2015,5934
02.10.2015,6030
03.10.2015,6051
04.10.2015,5671
05.10.2015,6148
06.10.2015,6219
07.10.2015,6458
08.10.2015,6590
09.10.2015,6676
10.10.2015,6840
11.10.2015,6419
12.10.2015,7137
13.10.2015,7590
14.10.2015,6989
15.10.2015,7281
16.10.2015,7150
17.10.2015,6924
18.10.2015,6328
19.10.2015,6864
20.10.2015,7059
21.10.2015,7300
22.10.2015,7609
23.10.2015,7518
24.10.2015,7323
25.10.2015,6913
26.10.2015,7513
27.10.2015,7548
28.10.2015,7648
29.10.2015,7835
30.10.2015,7931
31.10.2015,7790
01.11.2015,7016
02.11.2015,7485
03.11.2015,7667
04.11.2015,7752
05.11.2015,7885
06.11.2015,8132
07.11.2015,7762
08.11.2015,7031
09.11.2015,7732
10.11.2015,7859
11.11.2015,7685
12.11.2015,7506
13.11.2015,7432
14.11.2015,7604
15.11.2015,7257
16.11.2015,7999
17.11.2015,7952
18.11.2015,7948
19.11.2015,7906
20.11.2015,8199
21.11.2015,7545
22.11.2015,7031
23.11.2015,7966
24.11.2015,8295
25.11.2015,8650
26.11.2015,8705
27.11.2015,8676
28.11.2015,8406
29.11.2015,7651
30.11.2015,8333
01.12.2015,8210
02.12.2015,8350
03.12.2015,8339
04.12.2015,7743
05.12.2015,7956
06.12.2015,7381
07.12.2015,8115
08.12.2015,8189
09.12.2015,8676
10.12.2015,8520
11.12.2015,8280
12.12.2015,8338
13.12.2015,7813
14.12.2015,8602
15.12.2015,8700
16.12.2015,8766
17.12.2015,8346
18.12.2015,8572
19.12.2015,7695
20.12.2015,7398
21.12.2015,8349
22.12.2015,8099
23.12.2015,8190
24.12.2015,7948
25.12.2015,7777
26.12.2015,7374
27.12.2015,6699
28.12.2015,7515
29.12.2015,7908
30.12.2015,8663
31.12.2015,9236
01.01.2016,8738
02.01.2016,9375
03.01.2016,9429
04.01.2016,10558
05.01.2016,10352
06.01.2016,9488
07.01.2016,8229
08.01.2016,8242
09.01.2016,8155
10.01.2016,8297
11.01.2016,8756
12.01.2016,8546
13.01.2016,8853
14.01.2016,8232
15.01.2016,8904
16.01.2016,8916
17.01.2016,8779
18.01.2016,9278
19.01.2016,8775
20.01.2016,9280
21.01.2016,9523
22.01.2016,9505
23.01.2016,9183
24.01.2016,8856
25.01.2016,9230
26.01.2016,8993
27.01.2016,8783
28.01.2016,8501
29.01.2016,8252
30.01.2016,8001
31.01.2016,7416
01.02.2016,8290
02.02.2016,7783
03.02.2016,7573
04.02.2016,7808
05.02.2016,8265
06.02.2016,8329
07.02.2016,7599
08.02.2016,8580
09.02.2016,8282
10.02.2016,8344
11.02.2016,8307
12.02.2016,8034
13.02.2016,8331
14.02.2016,7623
15.02.2016,7664
16.02.2016,8242
17.02.2016,8567
18.02.2016,8489
19.02.2016,8566
20.02.2016,8510
21.02.2016,7875
22.02.2016,8169
23.02.2016,8057
24.02.2016,8429
25.02.2016,8410
26.02.2016,8256
27.02.2016,7853
28.02.2016,7214
29.02.2016,8149
01.03.2016,8195
02.03.2016,8269
03.03.2016,8365
04.03.2016,8342
05.03.2016,8001
06.03.2016,7356
07.03.2016,7865
08.03.2016,7579
09.03.2016,7900
10.03.2016,7932
11.03.2016,8054
12.03.2016,8129
13.03.2016,7535
14.03.2016,8240
